,time,air
0,2013-01-01 00:00:00,280.0
1,2013-01-01 06:00:00,279.19998
2,2013-01-01 12:00:00,278.6
3,2013-01-01 18:00:00,279.5
4,2013-01-02 00:00:00,280.6
5,2013-01-02 06:00:00,282.0
6,2013-01-02 12:00:00,280.29
7,2013-01-02 18:00:00,281.1
8,2013-01-03 00:00:00,281.1
9,2013-01-03 06:00:00,280.9
10,2013-01-03 12:00:00,281.5
11,2013-01-03 18:00:00,280.6
12,2013-01-04 00:00:00,279.6
13,2013-01-04 06:00:00,280.1
14,2013-01-04 12:00:00,280.4
15,2013-01-04 18:00:00,282.5
16,2013-01-05 00:00:00,282.69998
17,2013-01-05 06:00:00,284.0
18,2013-01-05 12:00:00,282.6
19,2013-01-05 18:00:00,283.29
20,2013-01-06 00:00:00,284.4
21,2013-01-06 06:00:00,283.1
22,2013-01-06 12:00:00,283.19998
23,2013-01-06 18:00:00,282.29
24,2013-01-07 00:00:00,281.9
25,2013-01-07 06:00:00,281.1
26,2013-01-07 12:00:00,281.0
27,2013-01-07 18:00:00,280.79
28,2013-01-08 00:00:00,280.1
29,2013-01-08 06:00:00,279.19998
30,2013-01-08 12:00:00,278.79
31,2013-01-08 18:00:00,278.6
32,2013-01-09 00:00:00,279.19998
33,2013-01-09 06:00:00,282.0
34,2013-01-09 12:00:00,281.69998
35,2013-01-09 18:00:00,283.4
36,2013-01-10 00:00:00,282.9
37,2013-01-10 06:00:00,283.0
38,2013-01-10 12:00:00,284.6
39,2013-01-10 18:00:00,283.5
40,2013-01-11 00:00:00,282.79
41,2013-01-11 06:00:00,282.1
42,2013-01-11 12:00:00,282.79
43,2013-01-11 18:00:00,284.0
44,2013-01-12 00:00:00,284.0
45,2013-01-12 06:00:00,283.5
46,2013-01-12 12:00:00,284.29
47,2013-01-12 18:00:00,283.69998
48,2013-01-13 00:00:00,282.69998
49,2013-01-13 06:00:00,282.29
50,2013-01-13 12:00:00,283.29
51,2013-01-13 18:00:00,282.6
52,2013-01-14 00:00:00,282.1
53,2013-01-14 06:00:00,281.9
54,2013-01-14 12:00:00,280.5
55,2013-01-14 18:00:00,280.0
56,2013-01-15 00:00:00,280.69998
57,2013-01-15 06:00:00,280.9
58,2013-01-15 12:00:00,279.4
59,2013-01-15 18:00:00,279.1
60,2013-01-16 00:00:00,279.0
61,2013-01-16 06:00:00,279.19998
62,2013-01-16 12:00:00,279.1
63,2013-01-16 18:00:00,280.0
64,2013-01-17 00:00:00,280.5
65,2013-01-17 06:00:00,282.1
66,2013-01-17 12:00:00,282.29
67,2013-01-17 18:00:00,281.9
68,2013-01-18 00:00:00,281.69998
69,2013-01-18 06:00:00,280.5
70,2013-01-18 12:00:00,280.0
71,2013-01-18 18:00:00,279.6
72,2013-01-19 00:00:00,279.0
73,2013-01-19 06:00:00,279.6
74,2013-01-19 12:00:00,278.6
75,2013-01-19 18:00:00,279.69998
76,2013-01-20 00:00:00,280.29
77,2013-01-20 06:00:00,281.69998
78,2013-01-20 12:00:00,282.79
79,2013-01-20 18:00:00,282.4
80,2013-01-21 00:00:00,281.1
81,2013-01-21 06:00:00,279.9
82,2013-01-21 12:00:00,278.79
83,2013-01-21 18:00:00,278.6
84,2013-01-22 00:00:00,278.4
85,2013-01-22 06:00:00,278.69998
86,2013-01-22 12:00:00,278.4
87,2013-01-22 18:00:00,280.29
88,2013-01-23 00:00:00,282.9
89,2013-01-23 06:00:00,283.1
90,2013-01-23 12:00:00,282.9
91,2013-01-23 18:00:00,281.79
92,2013-01-24 00:00:00,280.6
93,2013-01-24 06:00:00,280.6
94,2013-01-24 12:00:00,279.5
95,2013-01-24 18:00:00,279.69998
96,2013-01-25 00:00:00,279.4
97,2013-01-25 06:00:00,279.0
98,2013-01-25 12:00:00,279.79
99,2013-01-25 18:00:00,280.9
100,2013-01-26 00:00:00,282.1
101,2013-01-26 06:00:00,281.79
102,2013-01-26 12:00:00,280.9
103,2013-01-26 18:00:00,281.69998
104,2013-01-27 00:00:00,282.0
105,2013-01-27 06:00:00,283.4
106,2013-01-27 12:00:00,284.0
107,2013-01-27 18:00:00,282.9
108,2013-01-28 00:00:00,284.0
109,2013-01-28 06:00:00,283.4
110,2013-01-28 12:00:00,282.9
111,2013-01-28 18:00:00,282.5
112,2013-01-29 00:00:00,282.19998
113,2013-01-29 06:00:00,282.69998
114,2013-01-29 12:00:00,282.6
115,2013-01-29 18:00:00,282.5
116,2013-01-30 00:00:00,282.1
117,2013-01-30 06:00:00,281.19998
118,2013-01-30 12:00:00,280.69998
119,2013-01-30 18:00:00,281.69998
120,2013-01-31 00:00:00,282.79
121,2013-01-31 06:00:00,282.79
122,2013-01-31 12:00:00,281.9
123,2013-01-31 18:00:00,280.5
124,2013-02-01 00:00:00,279.79
125,2013-02-01 06:00:00,278.29
126,2013-02-01 12:00:00,279.29
127,2013-02-01 18:00:00,280.9
128,2013-02-02 00:00:00,281.5
129,2013-02-02 06:00:00,282.29
130,2013-02-02 12:00:00,280.9
131,2013-02-02 18:00:00,280.5
132,2013-02-03 00:00:00,281.0
133,2013-02-03 06:00:00,280.9
134,2013-02-03 12:00:00,281.0
135,2013-02-03 18:00:00,281.0
136,2013-02-04 00:00:00,280.29
137,2013-02-04 06:00:00,279.1
138,2013-02-04 12:00:00,278.1
139,2013-02-04 18:00:00,278.0
140,2013-02-05 00:00:00,277.9
141,2013-02-05 06:00:00,280.79
142,2013-02-05 12:00:00,280.6
143,2013-02-05 18:00:00,279.69998
144,2013-02-06 00:00:00,279.6
145,2013-02-06 06:00:00,279.5
146,2013-02-06 12:00:00,280.69998
147,2013-02-06 18:00:00,282.69998
148,2013-02-07 00:00:00,283.29
149,2013-02-07 06:00:00,283.0
150,2013-02-07 12:00:00,282.79
151,2013-02-07 18:00:00,282.29
152,2013-02-08 00:00:00,281.6
153,2013-02-08 06:00:00,281.1
154,2013-02-08 12:00:00,280.79
155,2013-02-08 18:00:00,282.6
156,2013-02-09 00:00:00,281.1
157,2013-02-09 06:00:00,280.0
158,2013-02-09 12:00:00,279.6
159,2013-02-09 18:00:00,279.4
160,2013-02-10 00:00:00,279.79
161,2013-02-10 06:00:00,280.79
162,2013-02-10 12:00:00,281.29
163,2013-02-10 18:00:00,281.9
164,2013-02-11 00:00:00,282.1
165,2013-02-11 06:00:00,281.6
166,2013-02-11 12:00:00,280.5
167,2013-02-11 18:00:00,280.4
168,2013-02-12 00:00:00,280.1
169,2013-02-12 06:00:00,281.1
170,2013-02-12 12:00:00,280.0
171,2013-02-12 18:00:00,281.5
172,2013-02-13 00:00:00,282.79
173,2013-02-13 06:00:00,283.0
174,2013-02-13 12:00:00,282.1
175,2013-02-13 18:00:00,282.1
176,2013-02-14 00:00:00,281.0
177,2013-02-14 06:00:00,280.9
178,2013-02-14 12:00:00,280.4
179,2013-02-14 18:00:00,279.0
180,2013-02-15 00:00:00,278.9
181,2013-02-15 06:00:00,277.5
182,2013-02-15 12:00:00,278.0
183,2013-02-15 18:00:00,280.1
184,2013-02-16 00:00:00,282.4
185,2013-02-16 06:00:00,282.6
186,2013-02-16 12:00:00,282.9
187,2013-02-16 18:00:00,282.6
188,2013-02-17 00:00:00,281.1
189,2013-02-17 06:00:00,280.9
190,2013-02-17 12:00:00,280.79
191,2013-02-17 18:00:00,280.4
192,2013-02-18 00:00:00,280.69998
193,2013-02-18 06:00:00,282.1
194,2013-02-18 12:00:00,283.79
195,2013-02-18 18:00:00,283.9
196,2013-02-19 00:00:00,283.5
197,2013-02-19 06:00:00,283.6
198,2013-02-19 12:00:00,282.79
199,2013-02-19 18:00:00,281.19998
200,2013-02-20 00:00:00,281.1
201,2013-02-20 06:00:00,281.4
202,2013-02-20 12:00:00,282.4
203,2013-02-20 18:00:00,281.9
204,2013-02-21 00:00:00,283.1
205,2013-02-21 06:00:00,283.19998
206,2013-02-21 12:00:00,283.1
207,2013-02-21 18:00:00,282.29
208,2013-02-22 00:00:00,281.1
209,2013-02-22 06:00:00,280.1
210,2013-02-22 12:00:00,280.5
211,2013-02-22 18:00:00,284.5
212,2013-02-23 00:00:00,282.1
213,2013-02-23 06:00:00,280.69998
214,2013-02-23 12:00:00,280.4
215,2013-02-23 18:00:00,279.6
216,2013-02-24 00:00:00,280.69998
217,2013-02-24 06:00:00,279.79
218,2013-02-24 12:00:00,279.6
219,2013-02-24 18:00:00,280.4
220,2013-02-25 00:00:00,281.69998
221,2013-02-25 06:00:00,282.19998
222,2013-02-25 12:00:00,280.1
223,2013-02-25 18:00:00,279.4
224,2013-02-26 00:00:00,278.29
225,2013-02-26 06:00:00,278.0
226,2013-02-26 12:00:00,280.9
227,2013-02-26 18:00:00,282.29
228,2013-02-27 00:00:00,280.69998
229,2013-02-27 06:00:00,281.0
230,2013-02-27 12:00:00,281.0
231,2013-02-27 18:00:00,281.29
232,2013-02-28 00:00:00,281.4
233,2013-02-28 06:00:00,279.79
234,2013-02-28 12:00:00,278.19998
235,2013-02-28 18:00:00,277.79
236,2013-03-01 00:00:00,278.19998
237,2013-03-01 06:00:00,277.69998
238,2013-03-01 12:00:00,278.19998
239,2013-03-01 18:00:00,278.0
240,2013-03-02 00:00:00,280.1
241,2013-03-02 06:00:00,281.1
242,2013-03-02 12:00:00,280.79
243,2013-03-02 18:00:00,279.79
244,2013-03-03 00:00:00,278.6
245,2013-03-03 06:00:00,279.4
246,2013-03-03 12:00:00,278.69998
247,2013-03-03 18:00:00,278.1
248,2013-03-04 00:00:00,278.4
249,2013-03-04 06:00:00,278.19998
250,2013-03-04 12:00:00,278.1
251,2013-03-04 18:00:00,279.29
252,2013-03-05 00:00:00,280.19998
253,2013-03-05 06:00:00,280.69998
254,2013-03-05 12:00:00,280.69998
255,2013-03-05 18:00:00,280.9
256,2013-03-06 00:00:00,279.69998
257,2013-03-06 06:00:00,279.79
258,2013-03-06 12:00:00,280.69998
259,2013-03-06 18:00:00,283.69998
260,2013-03-07 00:00:00,282.0
261,2013-03-07 06:00:00,280.1
262,2013-03-07 12:00:00,279.1
263,2013-03-07 18:00:00,279.79
264,2013-03-08 00:00:00,279.29
265,2013-03-08 06:00:00,278.79
266,2013-03-08 12:00:00,278.0
267,2013-03-08 18:00:00,277.69998
268,2013-03-09 00:00:00,277.5
269,2013-03-09 06:00:00,277.5
270,2013-03-09 12:00:00,278.9
271,2013-03-09 18:00:00,279.69998
272,2013-03-10 00:00:00,280.0
273,2013-03-10 06:00:00,279.19998
274,2013-03-10 12:00:00,278.4
275,2013-03-10 18:00:00,278.69998
276,2013-03-11 00:00:00,277.6
277,2013-03-11 06:00:00,278.4
278,2013-03-11 12:00:00,277.9
279,2013-03-11 18:00:00,279.0
280,2013-03-12 00:00:00,279.19998
281,2013-03-12 06:00:00,278.69998
282,2013-03-12 12:00:00,278.0
283,2013-03-12 18:00:00,277.29
284,2013-03-13 00:00:00,277.0
285,2013-03-13 06:00:00,276.6
286,2013-03-13 12:00:00,276.5
287,2013-03-13 18:00:00,277.0
288,2013-03-14 00:00:00,277.1
289,2013-03-14 06:00:00,277.4
290,2013-03-14 12:00:00,277.6
291,2013-03-14 18:00:00,278.1
292,2013-03-15 00:00:00,278.69998
293,2013-03-15 06:00:00,277.9
294,2013-03-15 12:00:00,276.9
295,2013-03-15 18:00:00,276.5
296,2013-03-16 00:00:00,276.9
297,2013-03-16 06:00:00,277.0
298,2013-03-16 12:00:00,278.1
299,2013-03-16 18:00:00,278.69998
300,2013-03-17 00:00:00,279.5
301,2013-03-17 06:00:00,279.79
302,2013-03-17 12:00:00,279.29
303,2013-03-17 18:00:00,279.6
304,2013-03-18 00:00:00,280.69998
305,2013-03-18 06:00:00,280.0
306,2013-03-18 12:00:00,280.1
307,2013-03-18 18:00:00,279.6
308,2013-03-19 00:00:00,279.6
309,2013-03-19 06:00:00,279.6
310,2013-03-19 12:00:00,279.4
311,2013-03-19 18:00:00,279.29
312,2013-03-20 00:00:00,280.0
313,2013-03-20 06:00:00,280.0
314,2013-03-20 12:00:00,279.9
315,2013-03-20 18:00:00,280.4
316,2013-03-21 00:00:00,280.5
317,2013-03-21 06:00:00,282.0
318,2013-03-21 12:00:00,282.9
319,2013-03-21 18:00:00,283.0
320,2013-03-22 00:00:00,283.29
321,2013-03-22 06:00:00,282.0
322,2013-03-22 12:00:00,281.19998
323,2013-03-22 18:00:00,280.29
324,2013-03-23 00:00:00,280.69998
325,2013-03-23 06:00:00,280.1
326,2013-03-23 12:00:00,280.1
327,2013-03-23 18:00:00,279.9
328,2013-03-24 00:00:00,279.5
329,2013-03-24 06:00:00,279.29
330,2013-03-24 12:00:00,278.19998
331,2013-03-24 18:00:00,278.1
332,2013-03-25 00:00:00,278.29
333,2013-03-25 06:00:00,277.69998
334,2013-03-25 12:00:00,277.9
335,2013-03-25 18:00:00,278.5
336,2013-03-26 00:00:00,279.1
337,2013-03-26 06:00:00,280.79
338,2013-03-26 12:00:00,281.0
339,2013-03-26 18:00:00,279.4
340,2013-03-27 00:00:00,278.29
341,2013-03-27 06:00:00,278.79
342,2013-03-27 12:00:00,280.79
343,2013-03-27 18:00:00,282.0
344,2013-03-28 00:00:00,282.5
345,2013-03-28 06:00:00,281.9
346,2013-03-28 12:00:00,281.19998
347,2013-03-28 18:00:00,280.79
348,2013-03-29 00:00:00,281.1
349,2013-03-29 06:00:00,280.79
350,2013-03-29 12:00:00,280.69998
351,2013-03-29 18:00:00,280.6
352,2013-03-30 00:00:00,280.69998
353,2013-03-30 06:00:00,279.69998
354,2013-03-30 12:00:00,279.6
355,2013-03-30 18:00:00,279.4
356,2013-03-31 00:00:00,279.69998
357,2013-03-31 06:00:00,279.29
358,2013-03-31 12:00:00,277.9
359,2013-03-31 18:00:00,277.79
360,2013-04-01 00:00:00,278.29
361,2013-04-01 06:00:00,278.6
362,2013-04-01 12:00:00,279.0
363,2013-04-01 18:00:00,279.69998
364,2013-04-02 00:00:00,279.5
365,2013-04-02 06:00:00,279.79
366,2013-04-02 12:00:00,279.5
367,2013-04-02 18:00:00,280.19998
368,2013-04-03 00:00:00,280.69998
369,2013-04-03 06:00:00,281.9
370,2013-04-03 12:00:00,281.6
371,2013-04-03 18:00:00,281.6
372,2013-04-04 00:00:00,281.29
373,2013-04-04 06:00:00,281.29
374,2013-04-04 12:00:00,280.4
375,2013-04-04 18:00:00,280.19998
376,2013-04-05 00:00:00,280.0
377,2013-04-05 06:00:00,279.9
378,2013-04-05 12:00:00,279.79
379,2013-04-05 18:00:00,280.0
380,2013-04-06 00:00:00,280.0
381,2013-04-06 06:00:00,279.69998
382,2013-04-06 12:00:00,280.5
383,2013-04-06 18:00:00,281.69998
384,2013-04-07 00:00:00,283.4
385,2013-04-07 06:00:00,283.19998
386,2013-04-07 12:00:00,283.29
387,2013-04-07 18:00:00,283.29
388,2013-04-08 00:00:00,281.9
389,2013-04-08 06:00:00,280.9
390,2013-04-08 12:00:00,280.5
391,2013-04-08 18:00:00,280.4
392,2013-04-09 00:00:00,280.19998
393,2013-04-09 06:00:00,279.1
394,2013-04-09 12:00:00,278.69998
395,2013-04-09 18:00:00,278.0
396,2013-04-10 00:00:00,279.69998
397,2013-04-10 06:00:00,280.1
398,2013-04-10 12:00:00,280.69998
399,2013-04-10 18:00:00,281.5
400,2013-04-11 00:00:00,282.79
401,2013-04-11 06:00:00,282.0
402,2013-04-11 12:00:00,281.0
403,2013-04-11 18:00:00,279.79
404,2013-04-12 00:00:00,279.4
405,2013-04-12 06:00:00,278.6
406,2013-04-12 12:00:00,278.9
407,2013-04-12 18:00:00,279.4
408,2013-04-13 00:00:00,279.9
409,2013-04-13 06:00:00,279.6
410,2013-04-13 12:00:00,279.6
411,2013-04-13 18:00:00,279.69998
412,2013-04-14 00:00:00,280.4
413,2013-04-14 06:00:00,281.29
414,2013-04-14 12:00:00,282.9
415,2013-04-14 18:00:00,284.0
416,2013-04-15 00:00:00,284.19998
417,2013-04-15 06:00:00,282.9
418,2013-04-15 12:00:00,282.5
419,2013-04-15 18:00:00,282.6
420,2013-04-16 00:00:00,283.0
421,2013-04-16 06:00:00,283.19998
422,2013-04-16 12:00:00,283.19998
423,2013-04-16 18:00:00,283.19998
424,2013-04-17 00:00:00,283.1
425,2013-04-17 06:00:00,283.0
426,2013-04-17 12:00:00,283.5
427,2013-04-17 18:00:00,283.29
428,2013-04-18 00:00:00,283.5
429,2013-04-18 06:00:00,282.6
430,2013-04-18 12:00:00,282.9
431,2013-04-18 18:00:00,282.5
432,2013-04-19 00:00:00,283.69998
433,2013-04-19 06:00:00,282.9
434,2013-04-19 12:00:00,282.5
435,2013-04-19 18:00:00,282.69998
436,2013-04-20 00:00:00,282.9
437,2013-04-20 06:00:00,282.29
438,2013-04-20 12:00:00,281.9
439,2013-04-20 18:00:00,282.0
440,2013-04-21 00:00:00,282.29
441,2013-04-21 06:00:00,282.0
442,2013-04-21 12:00:00,281.29
443,2013-04-21 18:00:00,280.79
444,2013-04-22 00:00:00,281.0
445,2013-04-22 06:00:00,280.69998
446,2013-04-22 12:00:00,280.9
447,2013-04-22 18:00:00,281.4
448,2013-04-23 00:00:00,282.5
449,2013-04-23 06:00:00,282.69998
450,2013-04-23 12:00:00,283.1
451,2013-04-23 18:00:00,283.4
452,2013-04-24 00:00:00,283.5
453,2013-04-24 06:00:00,283.1
454,2013-04-24 12:00:00,283.19998
455,2013-04-24 18:00:00,282.29
456,2013-04-25 00:00:00,282.79
457,2013-04-25 06:00:00,283.5
458,2013-04-25 12:00:00,282.6
459,2013-04-25 18:00:00,282.5
460,2013-04-26 00:00:00,283.19998
461,2013-04-26 06:00:00,283.9
462,2013-04-26 12:00:00,283.5
463,2013-04-26 18:00:00,283.69998
464,2013-04-27 00:00:00,283.29
465,2013-04-27 06:00:00,283.5
466,2013-04-27 12:00:00,283.0
467,2013-04-27 18:00:00,283.29
468,2013-04-28 00:00:00,282.79
469,2013-04-28 06:00:00,282.0
470,2013-04-28 12:00:00,282.6
471,2013-04-28 18:00:00,282.6
472,2013-04-29 00:00:00,282.9
473,2013-04-29 06:00:00,284.1
474,2013-04-29 12:00:00,284.79
475,2013-04-29 18:00:00,283.9
476,2013-04-30 00:00:00,284.0
477,2013-04-30 06:00:00,283.69998
478,2013-04-30 12:00:00,283.9
479,2013-04-30 18:00:00,283.5
480,2013-05-01 00:00:00,284.19998
481,2013-05-01 06:00:00,283.29
482,2013-05-01 12:00:00,283.0
483,2013-05-01 18:00:00,283.69998
484,2013-05-02 00:00:00,284.5
485,2013-05-02 06:00:00,284.5
486,2013-05-02 12:00:00,284.79
487,2013-05-02 18:00:00,284.4
488,2013-05-03 00:00:00,284.19998
489,2013-05-03 06:00:00,284.19998
490,2013-05-03 12:00:00,283.79
491,2013-05-03 18:00:00,282.9
492,2013-05-04 00:00:00,282.9
493,2013-05-04 06:00:00,281.29
494,2013-05-04 12:00:00,280.29
495,2013-05-04 18:00:00,279.79
496,2013-05-05 00:00:00,280.0
497,2013-05-05 06:00:00,279.1
498,2013-05-05 12:00:00,277.79
499,2013-05-05 18:00:00,278.79
500,2013-05-06 00:00:00,280.19998
501,2013-05-06 06:00:00,281.5
502,2013-05-06 12:00:00,280.79
503,2013-05-06 18:00:00,282.1
504,2013-05-07 00:00:00,282.9
505,2013-05-07 06:00:00,283.6
506,2013-05-07 12:00:00,283.19998
507,2013-05-07 18:00:00,283.1
508,2013-05-08 00:00:00,283.69998
509,2013-05-08 06:00:00,282.9
510,2013-05-08 12:00:00,282.4
511,2013-05-08 18:00:00,282.1
512,2013-05-09 00:00:00,282.79
513,2013-05-09 06:00:00,283.19998
514,2013-05-09 12:00:00,283.4
515,2013-05-09 18:00:00,283.5
516,2013-05-10 00:00:00,283.5
517,2013-05-10 06:00:00,283.69998
518,2013-05-10 12:00:00,283.1
519,2013-05-10 18:00:00,283.29
520,2013-05-11 00:00:00,283.69998
521,2013-05-11 06:00:00,282.69998
522,2013-05-11 12:00:00,282.4
523,2013-05-11 18:00:00,282.5
524,2013-05-12 00:00:00,283.0
525,2013-05-12 06:00:00,282.69998
526,2013-05-12 12:00:00,281.9
527,2013-05-12 18:00:00,282.69998
528,2013-05-13 00:00:00,283.29
529,2013-05-13 06:00:00,283.6
530,2013-05-13 12:00:00,283.6
531,2013-05-13 18:00:00,282.69998
532,2013-05-14 00:00:00,282.79
533,2013-05-14 06:00:00,282.19998
534,2013-05-14 12:00:00,282.69998
535,2013-05-14 18:00:00,283.29
536,2013-05-15 00:00:00,284.4
537,2013-05-15 06:00:00,284.6
538,2013-05-15 12:00:00,284.0
539,2013-05-15 18:00:00,284.19998
540,2013-05-16 00:00:00,283.79
541,2013-05-16 06:00:00,283.69998
542,2013-05-16 12:00:00,282.9
543,2013-05-16 18:00:00,282.9
544,2013-05-17 00:00:00,283.19998
545,2013-05-17 06:00:00,282.1
546,2013-05-17 12:00:00,281.5
547,2013-05-17 18:00:00,280.6
548,2013-05-18 00:00:00,280.5
549,2013-05-18 06:00:00,279.9
550,2013-05-18 12:00:00,279.29
551,2013-05-18 18:00:00,279.79
552,2013-05-19 00:00:00,280.4
553,2013-05-19 06:00:00,280.6
554,2013-05-19 12:00:00,281.0
555,2013-05-19 18:00:00,281.9
556,2013-05-20 00:00:00,283.69998
557,2013-05-20 06:00:00,283.69998
558,2013-05-20 12:00:00,283.19998
559,2013-05-20 18:00:00,282.9
560,2013-05-21 00:00:00,284.19998
561,2013-05-21 06:00:00,283.4
562,2013-05-21 12:00:00,284.5
563,2013-05-21 18:00:00,284.6
564,2013-05-22 00:00:00,285.1
565,2013-05-22 06:00:00,285.19998
566,2013-05-22 12:00:00,284.4
567,2013-05-22 18:00:00,284.69998
568,2013-05-23 00:00:00,284.69998
569,2013-05-23 06:00:00,284.79
570,2013-05-23 12:00:00,284.9
571,2013-05-23 18:00:00,285.9
572,2013-05-24 00:00:00,285.5
573,2013-05-24 06:00:00,285.6
574,2013-05-24 12:00:00,285.4
575,2013-05-24 18:00:00,285.5
576,2013-05-25 00:00:00,285.1
577,2013-05-25 06:00:00,285.0
578,2013-05-25 12:00:00,285.1
579,2013-05-25 18:00:00,284.69998
580,2013-05-26 00:00:00,284.79
581,2013-05-26 06:00:00,283.9
582,2013-05-26 12:00:00,283.6
583,2013-05-26 18:00:00,283.1
584,2013-05-27 00:00:00,283.0
585,2013-05-27 06:00:00,283.19998
586,2013-05-27 12:00:00,283.0
587,2013-05-27 18:00:00,282.0
588,2013-05-28 00:00:00,281.9
589,2013-05-28 06:00:00,282.1
590,2013-05-28 12:00:00,282.4
591,2013-05-28 18:00:00,282.19998
592,2013-05-29 00:00:00,283.29
593,2013-05-29 06:00:00,282.5
594,2013-05-29 12:00:00,282.1
595,2013-05-29 18:00:00,281.9
596,2013-05-30 00:00:00,282.9
597,2013-05-30 06:00:00,283.19998
598,2013-05-30 12:00:00,283.0
599,2013-05-30 18:00:00,283.4
600,2013-05-31 00:00:00,284.29
601,2013-05-31 06:00:00,283.6
602,2013-05-31 12:00:00,283.29
603,2013-05-31 18:00:00,284.9
604,2013-06-01 00:00:00,286.0
605,2013-06-01 06:00:00,285.69998
606,2013-06-01 12:00:00,284.19998
607,2013-06-01 18:00:00,285.5
608,2013-06-02 00:00:00,285.1
609,2013-06-02 06:00:00,284.69998
610,2013-06-02 12:00:00,284.0
611,2013-06-02 18:00:00,283.9
612,2013-06-03 00:00:00,284.0
613,2013-06-03 06:00:00,283.69998
614,2013-06-03 12:00:00,284.1
615,2013-06-03 18:00:00,283.4
616,2013-06-04 00:00:00,283.29
617,2013-06-04 06:00:00,283.9
618,2013-06-04 12:00:00,283.6
619,2013-06-04 18:00:00,282.9
620,2013-06-05 00:00:00,284.1
621,2013-06-05 06:00:00,285.19998
622,2013-06-05 12:00:00,283.79
623,2013-06-05 18:00:00,283.29
624,2013-06-06 00:00:00,284.0
625,2013-06-06 06:00:00,284.5
626,2013-06-06 12:00:00,283.4
627,2013-06-06 18:00:00,283.29
628,2013-06-07 00:00:00,283.9
629,2013-06-07 06:00:00,283.5
630,2013-06-07 12:00:00,283.4
631,2013-06-07 18:00:00,283.29
632,2013-06-08 00:00:00,283.29
633,2013-06-08 06:00:00,283.69998
634,2013-06-08 12:00:00,283.9
635,2013-06-08 18:00:00,284.19998
636,2013-06-09 00:00:00,285.1
637,2013-06-09 06:00:00,285.1
638,2013-06-09 12:00:00,285.1
639,2013-06-09 18:00:00,285.19998
640,2013-06-10 00:00:00,285.29
641,2013-06-10 06:00:00,285.6
642,2013-06-10 12:00:00,285.4
643,2013-06-10 18:00:00,284.69998
644,2013-06-11 00:00:00,285.5
645,2013-06-11 06:00:00,285.6
646,2013-06-11 12:00:00,285.19998
647,2013-06-11 18:00:00,284.6
648,2013-06-12 00:00:00,284.79
649,2013-06-12 06:00:00,283.9
650,2013-06-12 12:00:00,284.1
651,2013-06-12 18:00:00,283.69998
652,2013-06-13 00:00:00,284.9
653,2013-06-13 06:00:00,284.5
654,2013-06-13 12:00:00,284.5
655,2013-06-13 18:00:00,284.19998
656,2013-06-14 00:00:00,285.1
657,2013-06-14 06:00:00,285.0
658,2013-06-14 12:00:00,284.4
659,2013-06-14 18:00:00,286.1
660,2013-06-15 00:00:00,287.1
661,2013-06-15 06:00:00,286.29
662,2013-06-15 12:00:00,285.6
663,2013-06-15 18:00:00,287.1
664,2013-06-16 00:00:00,287.19998
665,2013-06-16 06:00:00,286.6
666,2013-06-16 12:00:00,285.79
667,2013-06-16 18:00:00,286.1
668,2013-06-17 00:00:00,286.4
669,2013-06-17 06:00:00,285.4
670,2013-06-17 12:00:00,284.4
671,2013-06-17 18:00:00,284.6
672,2013-06-18 00:00:00,285.0
673,2013-06-18 06:00:00,284.19998
674,2013-06-18 12:00:00,283.4
675,2013-06-18 18:00:00,283.29
676,2013-06-19 00:00:00,284.1
677,2013-06-19 06:00:00,284.0
678,2013-06-19 12:00:00,283.9
679,2013-06-19 18:00:00,284.29
680,2013-06-20 00:00:00,285.19998
681,2013-06-20 06:00:00,284.9
682,2013-06-20 12:00:00,284.9
683,2013-06-20 18:00:00,284.5
684,2013-06-21 00:00:00,285.6
685,2013-06-21 06:00:00,285.69998
686,2013-06-21 12:00:00,285.4
687,2013-06-21 18:00:00,286.1
688,2013-06-22 00:00:00,287.0
689,2013-06-22 06:00:00,287.69998
690,2013-06-22 12:00:00,287.4
691,2013-06-22 18:00:00,287.69998
692,2013-06-23 00:00:00,286.0
693,2013-06-23 06:00:00,285.4
694,2013-06-23 12:00:00,284.0
695,2013-06-23 18:00:00,284.5
696,2013-06-24 00:00:00,284.5
697,2013-06-24 06:00:00,284.1
698,2013-06-24 12:00:00,283.19998
699,2013-06-24 18:00:00,283.29
700,2013-06-25 00:00:00,283.69998
701,2013-06-25 06:00:00,283.69998
702,2013-06-25 12:00:00,283.0
703,2013-06-25 18:00:00,283.0
704,2013-06-26 00:00:00,283.9
705,2013-06-26 06:00:00,283.29
706,2013-06-26 12:00:00,283.19998
707,2013-06-26 18:00:00,283.69998
708,2013-06-27 00:00:00,284.0
709,2013-06-27 06:00:00,283.6
710,2013-06-27 12:00:00,283.0
711,2013-06-27 18:00:00,283.29
712,2013-06-28 00:00:00,283.1
713,2013-06-28 06:00:00,283.4
714,2013-06-28 12:00:00,283.1
715,2013-06-28 18:00:00,283.9
716,2013-06-29 00:00:00,284.6
717,2013-06-29 06:00:00,285.0
718,2013-06-29 12:00:00,285.5
719,2013-06-29 18:00:00,285.69998
720,2013-06-30 00:00:00,286.29
721,2013-06-30 06:00:00,286.0
722,2013-06-30 12:00:00,286.4
723,2013-06-30 18:00:00,287.4
724,2013-07-01 00:00:00,286.69998
725,2013-07-01 06:00:00,286.1
726,2013-07-01 12:00:00,285.5
727,2013-07-01 18:00:00,285.6
728,2013-07-02 00:00:00,285.6
729,2013-07-02 06:00:00,284.1
730,2013-07-02 12:00:00,284.19998
731,2013-07-02 18:00:00,284.5
732,2013-07-03 00:00:00,284.9
733,2013-07-03 06:00:00,284.79
734,2013-07-03 12:00:00,285.1
735,2013-07-03 18:00:00,285.5
736,2013-07-04 00:00:00,286.69998
737,2013-07-04 06:00:00,285.9
738,2013-07-04 12:00:00,285.5
739,2013-07-04 18:00:00,285.4
740,2013-07-05 00:00:00,286.1
741,2013-07-05 06:00:00,286.29
742,2013-07-05 12:00:00,286.0
743,2013-07-05 18:00:00,286.69998
744,2013-07-06 00:00:00,287.1
745,2013-07-06 06:00:00,286.69998
746,2013-07-06 12:00:00,286.79
747,2013-07-06 18:00:00,287.69998
748,2013-07-07 00:00:00,287.29
749,2013-07-07 06:00:00,287.19998
750,2013-07-07 12:00:00,286.6
751,2013-07-07 18:00:00,286.5
752,2013-07-08 00:00:00,287.19998
753,2013-07-08 06:00:00,287.0
754,2013-07-08 12:00:00,287.4
755,2013-07-08 18:00:00,287.4
756,2013-07-09 00:00:00,289.19998
757,2013-07-09 06:00:00,288.5
758,2013-07-09 12:00:00,287.9
759,2013-07-09 18:00:00,288.4
760,2013-07-10 00:00:00,287.69998
761,2013-07-10 06:00:00,287.79
762,2013-07-10 12:00:00,288.29
763,2013-07-10 18:00:00,288.29
764,2013-07-11 00:00:00,289.1
765,2013-07-11 06:00:00,288.4
766,2013-07-11 12:00:00,288.6
767,2013-07-11 18:00:00,289.19998
768,2013-07-12 00:00:00,290.69998
769,2013-07-12 06:00:00,288.69998
770,2013-07-12 12:00:00,288.0
771,2013-07-12 18:00:00,288.1
772,2013-07-13 00:00:00,288.5
773,2013-07-13 06:00:00,287.79
774,2013-07-13 12:00:00,287.6
775,2013-07-13 18:00:00,287.79
776,2013-07-14 00:00:00,287.9
777,2013-07-14 06:00:00,288.0
778,2013-07-14 12:00:00,288.0
779,2013-07-14 18:00:00,289.1
780,2013-07-15 00:00:00,290.4
781,2013-07-15 06:00:00,290.69998
782,2013-07-15 12:00:00,290.1
783,2013-07-15 18:00:00,290.29
784,2013-07-16 00:00:00,291.19998
785,2013-07-16 06:00:00,290.0
786,2013-07-16 12:00:00,289.6
787,2013-07-16 18:00:00,288.9
788,2013-07-17 00:00:00,289.69998
789,2013-07-17 06:00:00,289.6
790,2013-07-17 12:00:00,288.6
791,2013-07-17 18:00:00,289.0
792,2013-07-18 00:00:00,289.4
793,2013-07-18 06:00:00,288.29
794,2013-07-18 12:00:00,288.69998
795,2013-07-18 18:00:00,288.69998
796,2013-07-19 00:00:00,289.4
797,2013-07-19 06:00:00,289.6
798,2013-07-19 12:00:00,288.5
799,2013-07-19 18:00:00,288.6
800,2013-07-20 00:00:00,289.19998
801,2013-07-20 06:00:00,288.29
802,2013-07-20 12:00:00,288.5
803,2013-07-20 18:00:00,288.29
804,2013-07-21 00:00:00,288.69998
805,2013-07-21 06:00:00,287.69998
806,2013-07-21 12:00:00,287.79
807,2013-07-21 18:00:00,288.19998
808,2013-07-22 00:00:00,289.4
809,2013-07-22 06:00:00,289.0
810,2013-07-22 12:00:00,288.79
811,2013-07-22 18:00:00,288.79
812,2013-07-23 00:00:00,289.0
813,2013-07-23 06:00:00,288.4
814,2013-07-23 12:00:00,288.0
815,2013-07-23 18:00:00,287.5
816,2013-07-24 00:00:00,288.0
817,2013-07-24 06:00:00,287.5
818,2013-07-24 12:00:00,287.79
819,2013-07-24 18:00:00,288.19998
820,2013-07-25 00:00:00,288.5
821,2013-07-25 06:00:00,288.4
822,2013-07-25 12:00:00,288.29
823,2013-07-25 18:00:00,288.29
824,2013-07-26 00:00:00,288.69998
825,2013-07-26 06:00:00,288.69998
826,2013-07-26 12:00:00,288.5
827,2013-07-26 18:00:00,288.69998
828,2013-07-27 00:00:00,290.0
829,2013-07-27 06:00:00,289.4
830,2013-07-27 12:00:00,288.9
831,2013-07-27 18:00:00,288.9
832,2013-07-28 00:00:00,289.5
833,2013-07-28 06:00:00,289.19998
834,2013-07-28 12:00:00,289.1
835,2013-07-28 18:00:00,289.1
836,2013-07-29 00:00:00,290.4
837,2013-07-29 06:00:00,289.1
838,2013-07-29 12:00:00,290.1
839,2013-07-29 18:00:00,290.4
840,2013-07-30 00:00:00,291.9
841,2013-07-30 06:00:00,291.4
842,2013-07-30 12:00:00,291.69998
843,2013-07-30 18:00:00,291.1
844,2013-07-31 00:00:00,291.69998
845,2013-07-31 06:00:00,291.19998
846,2013-07-31 12:00:00,290.5
847,2013-07-31 18:00:00,290.29
848,2013-08-01 00:00:00,290.69998
849,2013-08-01 06:00:00,290.69998
850,2013-08-01 12:00:00,290.9
851,2013-08-01 18:00:00,291.29
852,2013-08-02 00:00:00,291.6
853,2013-08-02 06:00:00,289.79
854,2013-08-02 12:00:00,289.0
855,2013-08-02 18:00:00,289.79
856,2013-08-03 00:00:00,290.29
857,2013-08-03 06:00:00,289.5
858,2013-08-03 12:00:00,289.1
859,2013-08-03 18:00:00,289.1
860,2013-08-04 00:00:00,289.9
861,2013-08-04 06:00:00,289.4
862,2013-08-04 12:00:00,289.69998
863,2013-08-04 18:00:00,289.69998
864,2013-08-05 00:00:00,290.69998
865,2013-08-05 06:00:00,290.79
866,2013-08-05 12:00:00,291.0
867,2013-08-05 18:00:00,290.0
868,2013-08-06 00:00:00,289.6
869,2013-08-06 06:00:00,288.19998
870,2013-08-06 12:00:00,287.9
871,2013-08-06 18:00:00,287.4
872,2013-08-07 00:00:00,288.69998
873,2013-08-07 06:00:00,288.19998
874,2013-08-07 12:00:00,287.79
875,2013-08-07 18:00:00,288.19998
876,2013-08-08 00:00:00,290.0
877,2013-08-08 06:00:00,290.29
878,2013-08-08 12:00:00,290.5
879,2013-08-08 18:00:00,290.9
880,2013-08-09 00:00:00,292.0
881,2013-08-09 06:00:00,290.5
882,2013-08-09 12:00:00,288.9
883,2013-08-09 18:00:00,288.1
884,2013-08-10 00:00:00,288.79
885,2013-08-10 06:00:00,289.1
886,2013-08-10 12:00:00,289.5
887,2013-08-10 18:00:00,289.6
888,2013-08-11 00:00:00,290.4
889,2013-08-11 06:00:00,289.69998
890,2013-08-11 12:00:00,288.0
891,2013-08-11 18:00:00,287.79
892,2013-08-12 00:00:00,288.5
893,2013-08-12 06:00:00,288.6
894,2013-08-12 12:00:00,289.0
895,2013-08-12 18:00:00,289.5
896,2013-08-13 00:00:00,290.19998
897,2013-08-13 06:00:00,291.19998
898,2013-08-13 12:00:00,291.4
899,2013-08-13 18:00:00,290.19998
900,2013-08-14 00:00:00,289.79
901,2013-08-14 06:00:00,288.4
902,2013-08-14 12:00:00,287.4
903,2013-08-14 18:00:00,287.1
904,2013-08-15 00:00:00,287.79
905,2013-08-15 06:00:00,288.6
906,2013-08-15 12:00:00,290.9
907,2013-08-15 18:00:00,292.29
908,2013-08-16 00:00:00,291.5
909,2013-08-16 06:00:00,289.6
910,2013-08-16 12:00:00,289.29
911,2013-08-16 18:00:00,288.9
912,2013-08-17 00:00:00,289.1
913,2013-08-17 06:00:00,287.5
914,2013-08-17 12:00:00,287.5
915,2013-08-17 18:00:00,287.4
916,2013-08-18 00:00:00,288.19998
917,2013-08-18 06:00:00,287.0
918,2013-08-18 12:00:00,287.0
919,2013-08-18 18:00:00,286.6
920,2013-08-19 00:00:00,287.9
921,2013-08-19 06:00:00,286.9
922,2013-08-19 12:00:00,286.4
923,2013-08-19 18:00:00,286.19998
924,2013-08-20 00:00:00,287.69998
925,2013-08-20 06:00:00,287.6
926,2013-08-20 12:00:00,287.19998
927,2013-08-20 18:00:00,286.79
928,2013-08-21 00:00:00,287.79
929,2013-08-21 06:00:00,287.4
930,2013-08-21 12:00:00,287.1
931,2013-08-21 18:00:00,287.0
932,2013-08-22 00:00:00,286.79
933,2013-08-22 06:00:00,286.69998
934,2013-08-22 12:00:00,286.0
935,2013-08-22 18:00:00,286.29
936,2013-08-23 00:00:00,287.19998
937,2013-08-23 06:00:00,287.9
938,2013-08-23 12:00:00,287.9
939,2013-08-23 18:00:00,288.4
940,2013-08-24 00:00:00,288.6
941,2013-08-24 06:00:00,288.29
942,2013-08-24 12:00:00,288.4
943,2013-08-24 18:00:00,288.6
944,2013-08-25 00:00:00,289.1
945,2013-08-25 06:00:00,289.19998
946,2013-08-25 12:00:00,289.29
947,2013-08-25 18:00:00,288.9
948,2013-08-26 00:00:00,289.0
949,2013-08-26 06:00:00,289.29
950,2013-08-26 12:00:00,288.69998
951,2013-08-26 18:00:00,289.1
952,2013-08-27 00:00:00,290.19998
953,2013-08-27 06:00:00,290.5
954,2013-08-27 12:00:00,290.0
955,2013-08-27 18:00:00,289.79
956,2013-08-28 00:00:00,288.4
957,2013-08-28 06:00:00,288.69998
958,2013-08-28 12:00:00,287.9
959,2013-08-28 18:00:00,288.6
960,2013-08-29 00:00:00,290.9
961,2013-08-29 06:00:00,291.29
962,2013-08-29 12:00:00,289.9
963,2013-08-29 18:00:00,288.79
964,2013-08-30 00:00:00,288.1
965,2013-08-30 06:00:00,287.4
966,2013-08-30 12:00:00,286.4
967,2013-08-30 18:00:00,286.19998
968,2013-08-31 00:00:00,287.4
969,2013-08-31 06:00:00,286.69998
970,2013-08-31 12:00:00,286.6
971,2013-08-31 18:00:00,286.4
972,2013-09-01 00:00:00,287.29
973,2013-09-01 06:00:00,287.69998
974,2013-09-01 12:00:00,289.1
975,2013-09-01 18:00:00,290.1
976,2013-09-02 00:00:00,291.0
977,2013-09-02 06:00:00,291.29
978,2013-09-02 12:00:00,291.5
979,2013-09-02 18:00:00,291.19998
980,2013-09-03 00:00:00,290.4
981,2013-09-03 06:00:00,290.29
982,2013-09-03 12:00:00,290.0
983,2013-09-03 18:00:00,289.79
984,2013-09-04 00:00:00,289.5
985,2013-09-04 06:00:00,288.4
986,2013-09-04 12:00:00,287.6
987,2013-09-04 18:00:00,287.29
988,2013-09-05 00:00:00,287.29
989,2013-09-05 06:00:00,286.6
990,2013-09-05 12:00:00,286.6
991,2013-09-05 18:00:00,285.9
992,2013-09-06 00:00:00,286.4
993,2013-09-06 06:00:00,286.4
994,2013-09-06 12:00:00,287.0
995,2013-09-06 18:00:00,287.19998
996,2013-09-07 00:00:00,288.0
997,2013-09-07 06:00:00,287.0
998,2013-09-07 12:00:00,286.6
999,2013-09-07 18:00:00,287.5
1000,2013-09-08 00:00:00,289.69998
1001,2013-09-08 06:00:00,290.19998
1002,2013-09-08 12:00:00,290.9
1003,2013-09-08 18:00:00,291.0
1004,2013-09-09 00:00:00,291.0
1005,2013-09-09 06:00:00,288.69998
1006,2013-09-09 12:00:00,287.9
1007,2013-09-09 18:00:00,287.1
1008,2013-09-10 00:00:00,287.5
1009,2013-09-10 06:00:00,286.5
1010,2013-09-10 12:00:00,286.4
1011,2013-09-10 18:00:00,286.79
1012,2013-09-11 00:00:00,287.6
1013,2013-09-11 06:00:00,286.6
1014,2013-09-11 12:00:00,286.6
1015,2013-09-11 18:00:00,288.19998
1016,2013-09-12 00:00:00,290.69998
1017,2013-09-12 06:00:00,290.9
1018,2013-09-12 12:00:00,291.0
1019,2013-09-12 18:00:00,290.29
1020,2013-09-13 00:00:00,289.4
1021,2013-09-13 06:00:00,288.1
1022,2013-09-13 12:00:00,286.6
1023,2013-09-13 18:00:00,286.1
1024,2013-09-14 00:00:00,286.6
1025,2013-09-14 06:00:00,286.5
1026,2013-09-14 12:00:00,286.1
1027,2013-09-14 18:00:00,286.19998
1028,2013-09-15 00:00:00,287.19998
1029,2013-09-15 06:00:00,287.19998
1030,2013-09-15 12:00:00,286.4
1031,2013-09-15 18:00:00,286.5
1032,2013-09-16 00:00:00,288.4
1033,2013-09-16 06:00:00,288.29
1034,2013-09-16 12:00:00,288.4
1035,2013-09-16 18:00:00,288.79
1036,2013-09-17 00:00:00,289.19998
1037,2013-09-17 06:00:00,288.69998
1038,2013-09-17 12:00:00,289.19998
1039,2013-09-17 18:00:00,290.79
1040,2013-09-18 00:00:00,289.4
1041,2013-09-18 06:00:00,287.4
1042,2013-09-18 12:00:00,285.9
1043,2013-09-18 18:00:00,285.9
1044,2013-09-19 00:00:00,286.79
1045,2013-09-19 06:00:00,286.19998
1046,2013-09-19 12:00:00,286.0
1047,2013-09-19 18:00:00,287.9
1048,2013-09-20 00:00:00,288.29
1049,2013-09-20 06:00:00,288.19998
1050,2013-09-20 12:00:00,287.4
1051,2013-09-20 18:00:00,288.79
1052,2013-09-21 00:00:00,289.69998
1053,2013-09-21 06:00:00,289.5
1054,2013-09-21 12:00:00,288.6
1055,2013-09-21 18:00:00,287.5
1056,2013-09-22 00:00:00,286.19998
1057,2013-09-22 06:00:00,285.29
1058,2013-09-22 12:00:00,285.1
1059,2013-09-22 18:00:00,285.1
1060,2013-09-23 00:00:00,285.4
1061,2013-09-23 06:00:00,286.0
1062,2013-09-23 12:00:00,287.19998
1063,2013-09-23 18:00:00,289.4
1064,2013-09-24 00:00:00,291.0
1065,2013-09-24 06:00:00,291.1
1066,2013-09-24 12:00:00,290.29
1067,2013-09-24 18:00:00,291.1
1068,2013-09-25 00:00:00,292.4
1069,2013-09-25 06:00:00,290.0
1070,2013-09-25 12:00:00,288.0
1071,2013-09-25 18:00:00,287.9
1072,2013-09-26 00:00:00,287.6
1073,2013-09-26 06:00:00,286.6
1074,2013-09-26 12:00:00,285.6
1075,2013-09-26 18:00:00,285.19998
1076,2013-09-27 00:00:00,286.6
1077,2013-09-27 06:00:00,286.69998
1078,2013-09-27 12:00:00,287.4
1079,2013-09-27 18:00:00,288.4
1080,2013-09-28 00:00:00,288.69998
1081,2013-09-28 06:00:00,287.4
1082,2013-09-28 12:00:00,287.29
1083,2013-09-28 18:00:00,288.9
1084,2013-09-29 00:00:00,289.1
1085,2013-09-29 06:00:00,288.0
1086,2013-09-29 12:00:00,286.19998
1087,2013-09-29 18:00:00,286.4
1088,2013-09-30 00:00:00,287.0
1089,2013-09-30 06:00:00,286.4
1090,2013-09-30 12:00:00,285.6
1091,2013-09-30 18:00:00,285.4
1092,2013-10-01 00:00:00,286.5
1093,2013-10-01 06:00:00,286.9
1094,2013-10-01 12:00:00,289.0
1095,2013-10-01 18:00:00,289.9
1096,2013-10-02 00:00:00,291.29
1097,2013-10-02 06:00:00,289.1
1098,2013-10-02 12:00:00,288.69998
1099,2013-10-02 18:00:00,288.1
1100,2013-10-03 00:00:00,287.19998
1101,2013-10-03 06:00:00,286.19998
1102,2013-10-03 12:00:00,285.5
1103,2013-10-03 18:00:00,285.69998
1104,2013-10-04 00:00:00,286.19998
1105,2013-10-04 06:00:00,285.19998
1106,2013-10-04 12:00:00,284.29
1107,2013-10-04 18:00:00,283.69998
1108,2013-10-05 00:00:00,284.19998
1109,2013-10-05 06:00:00,284.19998
1110,2013-10-05 12:00:00,284.4
1111,2013-10-05 18:00:00,285.19998
1112,2013-10-06 00:00:00,287.19998
1113,2013-10-06 06:00:00,287.29
1114,2013-10-06 12:00:00,287.4
1115,2013-10-06 18:00:00,288.0
1116,2013-10-07 00:00:00,287.69998
1117,2013-10-07 06:00:00,287.29
1118,2013-10-07 12:00:00,287.19998
1119,2013-10-07 18:00:00,288.4
1120,2013-10-08 00:00:00,289.5
1121,2013-10-08 06:00:00,290.6
1122,2013-10-08 12:00:00,289.79
1123,2013-10-08 18:00:00,288.6
1124,2013-10-09 00:00:00,286.69998
1125,2013-10-09 06:00:00,285.0
1126,2013-10-09 12:00:00,284.4
1127,2013-10-09 18:00:00,284.1
1128,2013-10-10 00:00:00,286.4
1129,2013-10-10 06:00:00,286.9
1130,2013-10-10 12:00:00,287.6
1131,2013-10-10 18:00:00,286.79
1132,2013-10-11 00:00:00,287.0
1133,2013-10-11 06:00:00,286.19998
1134,2013-10-11 12:00:00,287.19998
1135,2013-10-11 18:00:00,288.19998
1136,2013-10-12 00:00:00,289.5
1137,2013-10-12 06:00:00,287.29
1138,2013-10-12 12:00:00,286.9
1139,2013-10-12 18:00:00,287.6
1140,2013-10-13 00:00:00,286.29
1141,2013-10-13 06:00:00,285.29
1142,2013-10-13 12:00:00,284.9
1143,2013-10-13 18:00:00,285.19998
1144,2013-10-14 00:00:00,285.1
1145,2013-10-14 06:00:00,284.6
1146,2013-10-14 12:00:00,284.9
1147,2013-10-14 18:00:00,285.9
1148,2013-10-15 00:00:00,286.29
1149,2013-10-15 06:00:00,287.19998
1150,2013-10-15 12:00:00,287.5
1151,2013-10-15 18:00:00,287.19998
1152,2013-10-16 00:00:00,287.6
1153,2013-10-16 06:00:00,286.79
1154,2013-10-16 12:00:00,285.6
1155,2013-10-16 18:00:00,284.79
1156,2013-10-17 00:00:00,284.6
1157,2013-10-17 06:00:00,284.4
1158,2013-10-17 12:00:00,284.6
1159,2013-10-17 18:00:00,285.29
1160,2013-10-18 00:00:00,286.79
1161,2013-10-18 06:00:00,286.6
1162,2013-10-18 12:00:00,285.79
1163,2013-10-18 18:00:00,286.69998
1164,2013-10-19 00:00:00,287.1
1165,2013-10-19 06:00:00,286.4
1166,2013-10-19 12:00:00,285.69998
1167,2013-10-19 18:00:00,285.0
1168,2013-10-20 00:00:00,285.4
1169,2013-10-20 06:00:00,285.29
1170,2013-10-20 12:00:00,285.6
1171,2013-10-20 18:00:00,285.6
1172,2013-10-21 00:00:00,286.19998
1173,2013-10-21 06:00:00,285.29
1174,2013-10-21 12:00:00,284.0
1175,2013-10-21 18:00:00,283.79
1176,2013-10-22 00:00:00,284.6
1177,2013-10-22 06:00:00,286.19998
1178,2013-10-22 12:00:00,286.5
1179,2013-10-22 18:00:00,285.69998
1180,2013-10-23 00:00:00,285.0
1181,2013-10-23 06:00:00,283.19998
1182,2013-10-23 12:00:00,284.29
1183,2013-10-23 18:00:00,288.79
1184,2013-10-24 00:00:00,288.6
1185,2013-10-24 06:00:00,285.9
1186,2013-10-24 12:00:00,283.5
1187,2013-10-24 18:00:00,283.6
1188,2013-10-25 00:00:00,284.29
1189,2013-10-25 06:00:00,283.9
1190,2013-10-25 12:00:00,283.4
1191,2013-10-25 18:00:00,284.1
1192,2013-10-26 00:00:00,286.9
1193,2013-10-26 06:00:00,288.19998
1194,2013-10-26 12:00:00,287.79
1195,2013-10-26 18:00:00,287.5
1196,2013-10-27 00:00:00,287.5
1197,2013-10-27 06:00:00,287.19998
1198,2013-10-27 12:00:00,286.6
1199,2013-10-27 18:00:00,285.9
1200,2013-10-28 00:00:00,285.4
1201,2013-10-28 06:00:00,286.19998
1202,2013-10-28 12:00:00,286.6
1203,2013-10-28 18:00:00,286.29
1204,2013-10-29 00:00:00,288.19998
1205,2013-10-29 06:00:00,288.29
1206,2013-10-29 12:00:00,286.29
1207,2013-10-29 18:00:00,286.79
1208,2013-10-30 00:00:00,287.6
1209,2013-10-30 06:00:00,286.0
1210,2013-10-30 12:00:00,284.4
1211,2013-10-30 18:00:00,283.6
1212,2013-10-31 00:00:00,283.69998
1213,2013-10-31 06:00:00,283.19998
1214,2013-10-31 12:00:00,282.79
1215,2013-10-31 18:00:00,282.9
1216,2013-11-01 00:00:00,284.6
1217,2013-11-01 06:00:00,285.0
1218,2013-11-01 12:00:00,284.79
1219,2013-11-01 18:00:00,285.6
1220,2013-11-02 00:00:00,287.1
1221,2013-11-02 06:00:00,287.69998
1222,2013-11-02 12:00:00,288.1
1223,2013-11-02 18:00:00,288.19998
1224,2013-11-03 00:00:00,288.29
1225,2013-11-03 06:00:00,288.5
1226,2013-11-03 12:00:00,287.79
1227,2013-11-03 18:00:00,286.5
1228,2013-11-04 00:00:00,284.29
1229,2013-11-04 06:00:00,283.19998
1230,2013-11-04 12:00:00,282.4
1231,2013-11-04 18:00:00,282.4
1232,2013-11-05 00:00:00,282.4
1233,2013-11-05 06:00:00,282.29
1234,2013-11-05 12:00:00,282.29
1235,2013-11-05 18:00:00,282.19998
1236,2013-11-06 00:00:00,282.69998
1237,2013-11-06 06:00:00,282.6
1238,2013-11-06 12:00:00,283.6
1239,2013-11-06 18:00:00,284.9
1240,2013-11-07 00:00:00,287.0
1241,2013-11-07 06:00:00,286.19998
1242,2013-11-07 12:00:00,283.79
1243,2013-11-07 18:00:00,282.1
1244,2013-11-08 00:00:00,283.0
1245,2013-11-08 06:00:00,282.5
1246,2013-11-08 12:00:00,282.5
1247,2013-11-08 18:00:00,284.19998
1248,2013-11-09 00:00:00,284.19998
1249,2013-11-09 06:00:00,284.0
1250,2013-11-09 12:00:00,283.4
1251,2013-11-09 18:00:00,283.0
1252,2013-11-10 00:00:00,282.79
1253,2013-11-10 06:00:00,282.1
1254,2013-11-10 12:00:00,281.6
1255,2013-11-10 18:00:00,282.79
1256,2013-11-11 00:00:00,284.69998
1257,2013-11-11 06:00:00,282.5
1258,2013-11-11 12:00:00,281.9
1259,2013-11-11 18:00:00,281.29
1260,2013-11-12 00:00:00,281.0
1261,2013-11-12 06:00:00,281.19998
1262,2013-11-12 12:00:00,280.79
1263,2013-11-12 18:00:00,281.0
1264,2013-11-13 00:00:00,281.6
1265,2013-11-13 06:00:00,281.4
1266,2013-11-13 12:00:00,281.4
1267,2013-11-13 18:00:00,281.69998
1268,2013-11-14 00:00:00,282.9
1269,2013-11-14 06:00:00,283.4
1270,2013-11-14 12:00:00,284.1
1271,2013-11-14 18:00:00,284.5
1272,2013-11-15 00:00:00,286.1
1273,2013-11-15 06:00:00,286.1
1274,2013-11-15 12:00:00,286.5
1275,2013-11-15 18:00:00,286.69998
1276,2013-11-16 00:00:00,286.9
1277,2013-11-16 06:00:00,286.79
1278,2013-11-16 12:00:00,286.6
1279,2013-11-16 18:00:00,287.0
1280,2013-11-17 00:00:00,286.5
1281,2013-11-17 06:00:00,285.6
1282,2013-11-17 12:00:00,285.29
1283,2013-11-17 18:00:00,284.6
1284,2013-11-18 00:00:00,284.19998
1285,2013-11-18 06:00:00,283.29
1286,2013-11-18 12:00:00,282.4
1287,2013-11-18 18:00:00,282.5
1288,2013-11-19 00:00:00,282.6
1289,2013-11-19 06:00:00,283.0
1290,2013-11-19 12:00:00,283.0
1291,2013-11-19 18:00:00,283.6
1292,2013-11-20 00:00:00,284.29
1293,2013-11-20 06:00:00,285.0
1294,2013-11-20 12:00:00,284.9
1295,2013-11-20 18:00:00,285.69998
1296,2013-11-21 00:00:00,284.6
1297,2013-11-21 06:00:00,284.4
1298,2013-11-21 12:00:00,283.79
1299,2013-11-21 18:00:00,283.79
1300,2013-11-22 00:00:00,283.0
1301,2013-11-22 06:00:00,282.29
1302,2013-11-22 12:00:00,280.9
1303,2013-11-22 18:00:00,279.79
1304,2013-11-23 00:00:00,280.1
1305,2013-11-23 06:00:00,282.1
1306,2013-11-23 12:00:00,283.6
1307,2013-11-23 18:00:00,283.9
1308,2013-11-24 00:00:00,284.4
1309,2013-11-24 06:00:00,284.4
1310,2013-11-24 12:00:00,283.6
1311,2013-11-24 18:00:00,282.79
1312,2013-11-25 00:00:00,282.69998
1313,2013-11-25 06:00:00,282.29
1314,2013-11-25 12:00:00,281.19998
1315,2013-11-25 18:00:00,281.0
1316,2013-11-26 00:00:00,281.6
1317,2013-11-26 06:00:00,281.4
1318,2013-11-26 12:00:00,280.4
1319,2013-11-26 18:00:00,280.6
1320,2013-11-27 00:00:00,281.4
1321,2013-11-27 06:00:00,282.5
1322,2013-11-27 12:00:00,284.29
1323,2013-11-27 18:00:00,286.4
1324,2013-11-28 00:00:00,286.69998
1325,2013-11-28 06:00:00,286.5
1326,2013-11-28 12:00:00,285.5
1327,2013-11-28 18:00:00,285.69998
1328,2013-11-29 00:00:00,285.4
1329,2013-11-29 06:00:00,285.19998
1330,2013-11-29 12:00:00,284.6
1331,2013-11-29 18:00:00,285.19998
1332,2013-11-30 00:00:00,284.79
1333,2013-11-30 06:00:00,285.4
1334,2013-11-30 12:00:00,285.1
1335,2013-11-30 18:00:00,284.6
1336,2013-12-01 00:00:00,284.5
1337,2013-12-01 06:00:00,285.6
1338,2013-12-01 12:00:00,286.0
1339,2013-12-01 18:00:00,286.0
1340,2013-12-02 00:00:00,284.79
1341,2013-12-02 06:00:00,285.29
1342,2013-12-02 12:00:00,285.0
1343,2013-12-02 18:00:00,286.1
1344,2013-12-03 00:00:00,286.4
1345,2013-12-03 06:00:00,285.79
1346,2013-12-03 12:00:00,285.9
1347,2013-12-03 18:00:00,286.19998
1348,2013-12-04 00:00:00,286.4
1349,2013-12-04 06:00:00,286.19998
1350,2013-12-04 12:00:00,286.0
1351,2013-12-04 18:00:00,285.79
1352,2013-12-05 00:00:00,284.6
1353,2013-12-05 06:00:00,284.1
1354,2013-12-05 12:00:00,286.0
1355,2013-12-05 18:00:00,286.9
1356,2013-12-06 00:00:00,286.0
1357,2013-12-06 06:00:00,285.0
1358,2013-12-06 12:00:00,285.0
1359,2013-12-06 18:00:00,284.9
1360,2013-12-07 00:00:00,285.29
1361,2013-12-07 06:00:00,284.5
1362,2013-12-07 12:00:00,283.19998
1363,2013-12-07 18:00:00,282.29
1364,2013-12-08 00:00:00,282.29
1365,2013-12-08 06:00:00,283.0
1366,2013-12-08 12:00:00,283.79
1367,2013-12-08 18:00:00,284.4
1368,2013-12-09 00:00:00,284.6
1369,2013-12-09 06:00:00,285.5
1370,2013-12-09 12:00:00,286.79
1371,2013-12-09 18:00:00,285.5
1372,2013-12-10 00:00:00,284.6
1373,2013-12-10 06:00:00,283.6
1374,2013-12-10 12:00:00,282.5
1375,2013-12-10 18:00:00,282.69998
1376,2013-12-11 00:00:00,282.4
1377,2013-12-11 06:00:00,282.4
1378,2013-12-11 12:00:00,281.9
1379,2013-12-11 18:00:00,281.69998
1380,2013-12-12 00:00:00,281.69998
1381,2013-12-12 06:00:00,282.69998
1382,2013-12-12 12:00:00,285.0
1383,2013-12-12 18:00:00,285.5
1384,2013-12-13 00:00:00,284.4
1385,2013-12-13 06:00:00,284.29
1386,2013-12-13 12:00:00,284.1
1387,2013-12-13 18:00:00,283.1
1388,2013-12-14 00:00:00,282.6
1389,2013-12-14 06:00:00,280.5
1390,2013-12-14 12:00:00,279.6
1391,2013-12-14 18:00:00,280.0
1392,2013-12-15 00:00:00,280.1
1393,2013-12-15 06:00:00,281.69998
1394,2013-12-15 12:00:00,283.1
1395,2013-12-15 18:00:00,283.1
1396,2013-12-16 00:00:00,282.79
1397,2013-12-16 06:00:00,283.19998
1398,2013-12-16 12:00:00,284.0
1399,2013-12-16 18:00:00,283.6
1400,2013-12-17 00:00:00,284.19998
1401,2013-12-17 06:00:00,284.5
1402,2013-12-17 12:00:00,285.0
1403,2013-12-17 18:00:00,284.5
1404,2013-12-18 00:00:00,286.29
1405,2013-12-18 06:00:00,287.0
1406,2013-12-18 12:00:00,286.79
1407,2013-12-18 18:00:00,286.79
1408,2013-12-19 00:00:00,286.6
1409,2013-12-19 06:00:00,286.69998
1410,2013-12-19 12:00:00,286.69998
1411,2013-12-19 18:00:00,286.0
1412,2013-12-20 00:00:00,286.5
1413,2013-12-20 06:00:00,286.1
1414,2013-12-20 12:00:00,285.1
1415,2013-12-20 18:00:00,285.5
1416,2013-12-21 00:00:00,285.4
1417,2013-12-21 06:00:00,284.69998
1418,2013-12-21 12:00:00,283.79
1419,2013-12-21 18:00:00,283.1
1420,2013-12-22 00:00:00,282.69998
1421,2013-12-22 06:00:00,282.19998
1422,2013-12-22 12:00:00,281.6
1423,2013-12-22 18:00:00,281.6
1424,2013-12-23 00:00:00,282.5
1425,2013-12-23 06:00:00,283.19998
1426,2013-12-23 12:00:00,283.5
1427,2013-12-23 18:00:00,285.0
1428,2013-12-24 00:00:00,284.69998
1429,2013-12-24 06:00:00,284.19998
1430,2013-12-24 12:00:00,284.1
1431,2013-12-24 18:00:00,284.19998
1432,2013-12-25 00:00:00,284.4
1433,2013-12-25 06:00:00,283.9
1434,2013-12-25 12:00:00,283.4
1435,2013-12-25 18:00:00,283.4
1436,2013-12-26 00:00:00,283.1
1437,2013-12-26 06:00:00,282.9
1438,2013-12-26 12:00:00,283.19998
1439,2013-12-26 18:00:00,283.4
1440,2013-12-27 00:00:00,284.6
1441,2013-12-27 06:00:00,285.19998
1442,2013-12-27 12:00:00,283.6
1443,2013-12-27 18:00:00,283.9
1444,2013-12-28 00:00:00,284.0
1445,2013-12-28 06:00:00,283.79
1446,2013-12-28 12:00:00,283.0
1447,2013-12-28 18:00:00,282.69998
1448,2013-12-29 00:00:00,282.1
1449,2013-12-29 06:00:00,282.79
1450,2013-12-29 12:00:00,282.9
1451,2013-12-29 18:00:00,282.5
1452,2013-12-30 00:00:00,282.79
1453,2013-12-30 06:00:00,283.9
1454,2013-12-30 12:00:00,283.29
1455,2013-12-30 18:00:00,285.4
1456,2013-12-31 00:00:00,284.0
1457,2013-12-31 06:00:00,282.79
1458,2013-12-31 12:00:00,282.19998
1459,2013-12-31 18:00:00,282.0
1460,2014-01-01 00:00:00,281.6
1461,2014-01-01 06:00:00,281.69998
1462,2014-01-01 12:00:00,280.9
1463,2014-01-01 18:00:00,281.6
1464,2014-01-02 00:00:00,281.79
1465,2014-01-02 06:00:00,281.79
1466,2014-01-02 12:00:00,282.29
1467,2014-01-02 18:00:00,282.0
1468,2014-01-03 00:00:00,281.19998
1469,2014-01-03 06:00:00,281.6
1470,2014-01-03 12:00:00,282.69998
1471,2014-01-03 18:00:00,283.19998
1472,2014-01-04 00:00:00,282.5
1473,2014-01-04 06:00:00,281.4
1474,2014-01-04 12:00:00,280.9
1475,2014-01-04 18:00:00,281.6
1476,2014-01-05 00:00:00,283.69998
1477,2014-01-05 06:00:00,282.1
1478,2014-01-05 12:00:00,280.6
1479,2014-01-05 18:00:00,280.6
1480,2014-01-06 00:00:00,280.9
1481,2014-01-06 06:00:00,282.9
1482,2014-01-06 12:00:00,282.9
1483,2014-01-06 18:00:00,284.1
1484,2014-01-07 00:00:00,283.4
1485,2014-01-07 06:00:00,281.79
1486,2014-01-07 12:00:00,282.1
1487,2014-01-07 18:00:00,282.5
1488,2014-01-08 00:00:00,282.6
1489,2014-01-08 06:00:00,282.6
1490,2014-01-08 12:00:00,281.69998
1491,2014-01-08 18:00:00,285.19998
1492,2014-01-09 00:00:00,282.5
1493,2014-01-09 06:00:00,281.5
1494,2014-01-09 12:00:00,280.5
1495,2014-01-09 18:00:00,279.79
1496,2014-01-10 00:00:00,280.0
1497,2014-01-10 06:00:00,279.79
1498,2014-01-10 12:00:00,281.0
1499,2014-01-10 18:00:00,283.4
1500,2014-01-11 00:00:00,283.6
1501,2014-01-11 06:00:00,284.5
1502,2014-01-11 12:00:00,284.9
1503,2014-01-11 18:00:00,284.29
1504,2014-01-12 00:00:00,285.29
1505,2014-01-12 06:00:00,284.69998
1506,2014-01-12 12:00:00,283.69998
1507,2014-01-12 18:00:00,283.79
1508,2014-01-13 00:00:00,284.0
1509,2014-01-13 06:00:00,284.4
1510,2014-01-13 12:00:00,283.69998
1511,2014-01-13 18:00:00,282.19998
1512,2014-01-14 00:00:00,281.79
1513,2014-01-14 06:00:00,281.29
1514,2014-01-14 12:00:00,282.6
1515,2014-01-14 18:00:00,284.79
1516,2014-01-15 00:00:00,284.0
1517,2014-01-15 06:00:00,283.69998
1518,2014-01-15 12:00:00,284.0
1519,2014-01-15 18:00:00,283.79
1520,2014-01-16 00:00:00,283.5
1521,2014-01-16 06:00:00,282.69998
1522,2014-01-16 12:00:00,283.0
1523,2014-01-16 18:00:00,280.69998
1524,2014-01-17 00:00:00,280.29
1525,2014-01-17 06:00:00,278.5
1526,2014-01-17 12:00:00,279.0
1527,2014-01-17 18:00:00,279.79
1528,2014-01-18 00:00:00,280.1
1529,2014-01-18 06:00:00,280.29
1530,2014-01-18 12:00:00,281.69998
1531,2014-01-18 18:00:00,283.29
1532,2014-01-19 00:00:00,281.9
1533,2014-01-19 06:00:00,280.79
1534,2014-01-19 12:00:00,280.69998
1535,2014-01-19 18:00:00,280.29
1536,2014-01-20 00:00:00,279.6
1537,2014-01-20 06:00:00,280.19998
1538,2014-01-20 12:00:00,279.79
1539,2014-01-20 18:00:00,278.9
1540,2014-01-21 00:00:00,278.9
1541,2014-01-21 06:00:00,278.6
1542,2014-01-21 12:00:00,280.79
1543,2014-01-21 18:00:00,283.6
1544,2014-01-22 00:00:00,283.4
1545,2014-01-22 06:00:00,282.6
1546,2014-01-22 12:00:00,282.29
1547,2014-01-22 18:00:00,282.19998
1548,2014-01-23 00:00:00,281.5
1549,2014-01-23 06:00:00,280.79
1550,2014-01-23 12:00:00,280.1
1551,2014-01-23 18:00:00,280.1
1552,2014-01-24 00:00:00,279.9
1553,2014-01-24 06:00:00,279.19998
1554,2014-01-24 12:00:00,279.29
1555,2014-01-24 18:00:00,280.5
1556,2014-01-25 00:00:00,281.1
1557,2014-01-25 06:00:00,281.29
1558,2014-01-25 12:00:00,280.4
1559,2014-01-25 18:00:00,280.5
1560,2014-01-26 00:00:00,279.6
1561,2014-01-26 06:00:00,278.4
1562,2014-01-26 12:00:00,278.79
1563,2014-01-26 18:00:00,278.6
1564,2014-01-27 00:00:00,278.4
1565,2014-01-27 06:00:00,278.0
1566,2014-01-27 12:00:00,278.69998
1567,2014-01-27 18:00:00,279.29
1568,2014-01-28 00:00:00,279.69998
1569,2014-01-28 06:00:00,280.0
1570,2014-01-28 12:00:00,279.5
1571,2014-01-28 18:00:00,280.69998
1572,2014-01-29 00:00:00,281.19998
1573,2014-01-29 06:00:00,281.29
1574,2014-01-29 12:00:00,282.29
1575,2014-01-29 18:00:00,282.79
1576,2014-01-30 00:00:00,281.79
1577,2014-01-30 06:00:00,279.79
1578,2014-01-30 12:00:00,278.19998
1579,2014-01-30 18:00:00,278.6
1580,2014-01-31 00:00:00,279.4
1581,2014-01-31 06:00:00,279.69998
1582,2014-01-31 12:00:00,280.1
1583,2014-01-31 18:00:00,279.9
1584,2014-02-01 00:00:00,279.5
1585,2014-02-01 06:00:00,279.1
1586,2014-02-01 12:00:00,279.6
1587,2014-02-01 18:00:00,281.1
1588,2014-02-02 00:00:00,281.5
1589,2014-02-02 06:00:00,281.19998
1590,2014-02-02 12:00:00,281.19998
1591,2014-02-02 18:00:00,282.0
1592,2014-02-03 00:00:00,283.4
1593,2014-02-03 06:00:00,283.69998
1594,2014-02-03 12:00:00,283.1
1595,2014-02-03 18:00:00,282.79
1596,2014-02-04 00:00:00,282.1
1597,2014-02-04 06:00:00,282.69998
1598,2014-02-04 12:00:00,282.6
1599,2014-02-04 18:00:00,283.0
1600,2014-02-05 00:00:00,283.1
1601,2014-02-05 06:00:00,283.1
1602,2014-02-05 12:00:00,283.0
1603,2014-02-05 18:00:00,282.5
1604,2014-02-06 00:00:00,283.1
1605,2014-02-06 06:00:00,282.69998
1606,2014-02-06 12:00:00,282.69998
1607,2014-02-06 18:00:00,283.4
1608,2014-02-07 00:00:00,281.5
1609,2014-02-07 06:00:00,281.19998
1610,2014-02-07 12:00:00,281.0
1611,2014-02-07 18:00:00,279.79
1612,2014-02-08 00:00:00,280.0
1613,2014-02-08 06:00:00,278.4
1614,2014-02-08 12:00:00,277.6
1615,2014-02-08 18:00:00,277.4
1616,2014-02-09 00:00:00,277.69998
1617,2014-02-09 06:00:00,277.79
1618,2014-02-09 12:00:00,277.5
1619,2014-02-09 18:00:00,278.29
1620,2014-02-10 00:00:00,279.6
1621,2014-02-10 06:00:00,278.69998
1622,2014-02-10 12:00:00,277.69998
1623,2014-02-10 18:00:00,278.4
1624,2014-02-11 00:00:00,279.4
1625,2014-02-11 06:00:00,279.1
1626,2014-02-11 12:00:00,279.0
1627,2014-02-11 18:00:00,278.69998
1628,2014-02-12 00:00:00,278.9
1629,2014-02-12 06:00:00,279.19998
1630,2014-02-12 12:00:00,279.4
1631,2014-02-12 18:00:00,279.1
1632,2014-02-13 00:00:00,279.0
1633,2014-02-13 06:00:00,277.79
1634,2014-02-13 12:00:00,276.29
1635,2014-02-13 18:00:00,277.9
1636,2014-02-14 00:00:00,277.9
1637,2014-02-14 06:00:00,276.79
1638,2014-02-14 12:00:00,275.19998
1639,2014-02-14 18:00:00,276.1
1640,2014-02-15 00:00:00,277.29
1641,2014-02-15 06:00:00,278.0
1642,2014-02-15 12:00:00,280.29
1643,2014-02-15 18:00:00,278.6
1644,2014-02-16 00:00:00,278.19998
1645,2014-02-16 06:00:00,278.5
1646,2014-02-16 12:00:00,277.9
1647,2014-02-16 18:00:00,277.9
1648,2014-02-17 00:00:00,278.69998
1649,2014-02-17 06:00:00,277.9
1650,2014-02-17 12:00:00,277.0
1651,2014-02-17 18:00:00,276.69998
1652,2014-02-18 00:00:00,277.4
1653,2014-02-18 06:00:00,277.29
1654,2014-02-18 12:00:00,277.4
1655,2014-02-18 18:00:00,280.9
1656,2014-02-19 00:00:00,283.4
1657,2014-02-19 06:00:00,282.19998
1658,2014-02-19 12:00:00,281.69998
1659,2014-02-19 18:00:00,283.19998
1660,2014-02-20 00:00:00,282.4
1661,2014-02-20 06:00:00,281.5
1662,2014-02-20 12:00:00,282.0
1663,2014-02-20 18:00:00,283.1
1664,2014-02-21 00:00:00,283.4
1665,2014-02-21 06:00:00,283.69998
1666,2014-02-21 12:00:00,283.5
1667,2014-02-21 18:00:00,283.19998
1668,2014-02-22 00:00:00,282.0
1669,2014-02-22 06:00:00,281.19998
1670,2014-02-22 12:00:00,280.9
1671,2014-02-22 18:00:00,280.0
1672,2014-02-23 00:00:00,281.0
1673,2014-02-23 06:00:00,281.1
1674,2014-02-23 12:00:00,280.79
1675,2014-02-23 18:00:00,279.9
1676,2014-02-24 00:00:00,281.1
1677,2014-02-24 06:00:00,281.5
1678,2014-02-24 12:00:00,281.1
1679,2014-02-24 18:00:00,279.9
1680,2014-02-25 00:00:00,279.1
1681,2014-02-25 06:00:00,279.0
1682,2014-02-25 12:00:00,278.9
1683,2014-02-25 18:00:00,278.0
1684,2014-02-26 00:00:00,278.1
1685,2014-02-26 06:00:00,278.0
1686,2014-02-26 12:00:00,278.69998
1687,2014-02-26 18:00:00,278.6
1688,2014-02-27 00:00:00,278.6
1689,2014-02-27 06:00:00,279.19998
1690,2014-02-27 12:00:00,278.69998
1691,2014-02-27 18:00:00,278.69998
1692,2014-02-28 00:00:00,279.4
1693,2014-02-28 06:00:00,280.19998
1694,2014-02-28 12:00:00,281.1
1695,2014-02-28 18:00:00,281.6
1696,2014-03-01 00:00:00,282.19998
1697,2014-03-01 06:00:00,281.6
1698,2014-03-01 12:00:00,281.79
1699,2014-03-01 18:00:00,281.5
1700,2014-03-02 00:00:00,281.6
1701,2014-03-02 06:00:00,281.9
1702,2014-03-02 12:00:00,281.5
1703,2014-03-02 18:00:00,280.4
1704,2014-03-03 00:00:00,280.5
1705,2014-03-03 06:00:00,279.79
1706,2014-03-03 12:00:00,279.9
1707,2014-03-03 18:00:00,279.79
1708,2014-03-04 00:00:00,279.9
1709,2014-03-04 06:00:00,279.69998
1710,2014-03-04 12:00:00,279.5
1711,2014-03-04 18:00:00,279.69998
1712,2014-03-05 00:00:00,280.0
1713,2014-03-05 06:00:00,279.9
1714,2014-03-05 12:00:00,279.5
1715,2014-03-05 18:00:00,280.1
1716,2014-03-06 00:00:00,280.6
1717,2014-03-06 06:00:00,280.29
1718,2014-03-06 12:00:00,280.6
1719,2014-03-06 18:00:00,280.9
1720,2014-03-07 00:00:00,280.1
1721,2014-03-07 06:00:00,279.0
1722,2014-03-07 12:00:00,279.4
1723,2014-03-07 18:00:00,279.29
1724,2014-03-08 00:00:00,279.19998
1725,2014-03-08 06:00:00,279.29
1726,2014-03-08 12:00:00,278.29
1727,2014-03-08 18:00:00,278.5
1728,2014-03-09 00:00:00,279.69998
1729,2014-03-09 06:00:00,280.79
1730,2014-03-09 12:00:00,282.0
1731,2014-03-09 18:00:00,282.19998
1732,2014-03-10 00:00:00,281.0
1733,2014-03-10 06:00:00,280.4
1734,2014-03-10 12:00:00,278.6
1735,2014-03-10 18:00:00,276.9
1736,2014-03-11 00:00:00,277.29
1737,2014-03-11 06:00:00,278.29
1738,2014-03-11 12:00:00,278.4
1739,2014-03-11 18:00:00,278.6
1740,2014-03-12 00:00:00,280.29
1741,2014-03-12 06:00:00,282.19998
1742,2014-03-12 12:00:00,281.5
1743,2014-03-12 18:00:00,281.29
1744,2014-03-13 00:00:00,280.79
1745,2014-03-13 06:00:00,279.6
1746,2014-03-13 12:00:00,277.4
1747,2014-03-13 18:00:00,275.69998
1748,2014-03-14 00:00:00,276.29
1749,2014-03-14 06:00:00,276.6
1750,2014-03-14 12:00:00,276.9
1751,2014-03-14 18:00:00,276.29
1752,2014-03-15 00:00:00,276.0
1753,2014-03-15 06:00:00,275.79
1754,2014-03-15 12:00:00,276.19998
1755,2014-03-15 18:00:00,277.5
1756,2014-03-16 00:00:00,278.5
1757,2014-03-16 06:00:00,279.9
1758,2014-03-16 12:00:00,279.9
1759,2014-03-16 18:00:00,280.9
1760,2014-03-17 00:00:00,280.79
1761,2014-03-17 06:00:00,281.0
1762,2014-03-17 12:00:00,280.69998
1763,2014-03-17 18:00:00,280.1
1764,2014-03-18 00:00:00,278.9
1765,2014-03-18 06:00:00,278.0
1766,2014-03-18 12:00:00,278.5
1767,2014-03-18 18:00:00,279.9
1768,2014-03-19 00:00:00,281.19998
1769,2014-03-19 06:00:00,281.9
1770,2014-03-19 12:00:00,282.29
1771,2014-03-19 18:00:00,282.4
1772,2014-03-20 00:00:00,281.5
1773,2014-03-20 06:00:00,280.69998
1774,2014-03-20 12:00:00,279.6
1775,2014-03-20 18:00:00,279.1
1776,2014-03-21 00:00:00,279.79
1777,2014-03-21 06:00:00,280.6
1778,2014-03-21 12:00:00,281.19998
1779,2014-03-21 18:00:00,281.1
1780,2014-03-22 00:00:00,280.79
1781,2014-03-22 06:00:00,279.79
1782,2014-03-22 12:00:00,279.29
1783,2014-03-22 18:00:00,279.6
1784,2014-03-23 00:00:00,279.69998
1785,2014-03-23 06:00:00,279.9
1786,2014-03-23 12:00:00,279.29
1787,2014-03-23 18:00:00,279.19998
1788,2014-03-24 00:00:00,278.69998
1789,2014-03-24 06:00:00,279.5
1790,2014-03-24 12:00:00,279.4
1791,2014-03-24 18:00:00,280.29
1792,2014-03-25 00:00:00,280.29
1793,2014-03-25 06:00:00,280.0
1794,2014-03-25 12:00:00,280.0
1795,2014-03-25 18:00:00,280.5
1796,2014-03-26 00:00:00,281.4
1797,2014-03-26 06:00:00,281.79
1798,2014-03-26 12:00:00,280.29
1799,2014-03-26 18:00:00,279.4
1800,2014-03-27 00:00:00,279.19998
1801,2014-03-27 06:00:00,278.1
1802,2014-03-27 12:00:00,277.0
1803,2014-03-27 18:00:00,277.0
1804,2014-03-28 00:00:00,277.69998
1805,2014-03-28 06:00:00,277.79
1806,2014-03-28 12:00:00,277.5
1807,2014-03-28 18:00:00,279.19998
1808,2014-03-29 00:00:00,280.19998
1809,2014-03-29 06:00:00,280.4
1810,2014-03-29 12:00:00,278.9
1811,2014-03-29 18:00:00,278.6
1812,2014-03-30 00:00:00,278.5
1813,2014-03-30 06:00:00,278.69998
1814,2014-03-30 12:00:00,279.5
1815,2014-03-30 18:00:00,280.6
1816,2014-03-31 00:00:00,282.4
1817,2014-03-31 06:00:00,282.79
1818,2014-03-31 12:00:00,282.29
1819,2014-03-31 18:00:00,281.29
1820,2014-04-01 00:00:00,281.1
1821,2014-04-01 06:00:00,280.5
1822,2014-04-01 12:00:00,279.69998
1823,2014-04-01 18:00:00,279.9
1824,2014-04-02 00:00:00,280.29
1825,2014-04-02 06:00:00,281.0
1826,2014-04-02 12:00:00,281.5
1827,2014-04-02 18:00:00,281.9
1828,2014-04-03 00:00:00,281.6
1829,2014-04-03 06:00:00,282.5
1830,2014-04-03 12:00:00,282.0
1831,2014-04-03 18:00:00,282.4
1832,2014-04-04 00:00:00,281.79
1833,2014-04-04 06:00:00,281.79
1834,2014-04-04 12:00:00,281.0
1835,2014-04-04 18:00:00,281.29
1836,2014-04-05 00:00:00,281.0
1837,2014-04-05 06:00:00,280.6
1838,2014-04-05 12:00:00,280.19998
1839,2014-04-05 18:00:00,279.5
1840,2014-04-06 00:00:00,279.69998
1841,2014-04-06 06:00:00,278.9
1842,2014-04-06 12:00:00,278.6
1843,2014-04-06 18:00:00,278.29
1844,2014-04-07 00:00:00,278.0
1845,2014-04-07 06:00:00,277.79
1846,2014-04-07 12:00:00,277.9
1847,2014-04-07 18:00:00,278.0
1848,2014-04-08 00:00:00,278.5
1849,2014-04-08 06:00:00,280.19998
1850,2014-04-08 12:00:00,281.9
1851,2014-04-08 18:00:00,282.19998
1852,2014-04-09 00:00:00,282.1
1853,2014-04-09 06:00:00,282.69998
1854,2014-04-09 12:00:00,282.9
1855,2014-04-09 18:00:00,282.9
1856,2014-04-10 00:00:00,282.6
1857,2014-04-10 06:00:00,282.0
1858,2014-04-10 12:00:00,281.6
1859,2014-04-10 18:00:00,281.69998
1860,2014-04-11 00:00:00,282.5
1861,2014-04-11 06:00:00,282.6
1862,2014-04-11 12:00:00,281.19998
1863,2014-04-11 18:00:00,280.29
1864,2014-04-12 00:00:00,280.6
1865,2014-04-12 06:00:00,280.29
1866,2014-04-12 12:00:00,280.0
1867,2014-04-12 18:00:00,280.1
1868,2014-04-13 00:00:00,280.1
1869,2014-04-13 06:00:00,280.9
1870,2014-04-13 12:00:00,281.19998
1871,2014-04-13 18:00:00,283.4
1872,2014-04-14 00:00:00,281.79
1873,2014-04-14 06:00:00,281.1
1874,2014-04-14 12:00:00,281.5
1875,2014-04-14 18:00:00,283.1
1876,2014-04-15 00:00:00,283.6
1877,2014-04-15 06:00:00,282.19998
1878,2014-04-15 12:00:00,280.1
1879,2014-04-15 18:00:00,279.4
1880,2014-04-16 00:00:00,279.9
1881,2014-04-16 06:00:00,279.9
1882,2014-04-16 12:00:00,279.9
1883,2014-04-16 18:00:00,279.6
1884,2014-04-17 00:00:00,279.69998
1885,2014-04-17 06:00:00,279.4
1886,2014-04-17 12:00:00,278.69998
1887,2014-04-17 18:00:00,280.6
1888,2014-04-18 00:00:00,281.5
1889,2014-04-18 06:00:00,280.0
1890,2014-04-18 12:00:00,279.79
1891,2014-04-18 18:00:00,279.79
1892,2014-04-19 00:00:00,280.19998
1893,2014-04-19 06:00:00,279.79
1894,2014-04-19 12:00:00,278.19998
1895,2014-04-19 18:00:00,278.1
1896,2014-04-20 00:00:00,278.29
1897,2014-04-20 06:00:00,278.1
1898,2014-04-20 12:00:00,278.79
1899,2014-04-20 18:00:00,279.29
1900,2014-04-21 00:00:00,279.29
1901,2014-04-21 06:00:00,279.79
1902,2014-04-21 12:00:00,281.9
1903,2014-04-21 18:00:00,283.1
1904,2014-04-22 00:00:00,282.0
1905,2014-04-22 06:00:00,282.19998
1906,2014-04-22 12:00:00,280.79
1907,2014-04-22 18:00:00,280.19998
1908,2014-04-23 00:00:00,279.5
1909,2014-04-23 06:00:00,280.1
1910,2014-04-23 12:00:00,278.79
1911,2014-04-23 18:00:00,279.29
1912,2014-04-24 00:00:00,279.6
1913,2014-04-24 06:00:00,279.5
1914,2014-04-24 12:00:00,280.6
1915,2014-04-24 18:00:00,281.19998
1916,2014-04-25 00:00:00,282.69998
1917,2014-04-25 06:00:00,282.79
1918,2014-04-25 12:00:00,282.69998
1919,2014-04-25 18:00:00,280.29
1920,2014-04-26 00:00:00,281.1
1921,2014-04-26 06:00:00,280.4
1922,2014-04-26 12:00:00,279.4
1923,2014-04-26 18:00:00,280.6
1924,2014-04-27 00:00:00,280.5
1925,2014-04-27 06:00:00,279.9
1926,2014-04-27 12:00:00,279.5
1927,2014-04-27 18:00:00,278.9
1928,2014-04-28 00:00:00,279.1
1929,2014-04-28 06:00:00,278.79
1930,2014-04-28 12:00:00,278.5
1931,2014-04-28 18:00:00,278.69998
1932,2014-04-29 00:00:00,279.19998
1933,2014-04-29 06:00:00,279.1
1934,2014-04-29 12:00:00,278.9
1935,2014-04-29 18:00:00,278.5
1936,2014-04-30 00:00:00,279.29
1937,2014-04-30 06:00:00,278.79
1938,2014-04-30 12:00:00,279.1
1939,2014-04-30 18:00:00,279.29
1940,2014-05-01 00:00:00,280.19998
1941,2014-05-01 06:00:00,280.4
1942,2014-05-01 12:00:00,280.1
1943,2014-05-01 18:00:00,280.0
1944,2014-05-02 00:00:00,280.5
1945,2014-05-02 06:00:00,279.9
1946,2014-05-02 12:00:00,279.69998
1947,2014-05-02 18:00:00,280.1
1948,2014-05-03 00:00:00,281.1
1949,2014-05-03 06:00:00,281.1
1950,2014-05-03 12:00:00,281.1
1951,2014-05-03 18:00:00,281.69998
1952,2014-05-04 00:00:00,281.79
1953,2014-05-04 06:00:00,282.19998
1954,2014-05-04 12:00:00,282.4
1955,2014-05-04 18:00:00,283.0
1956,2014-05-05 00:00:00,283.69998
1957,2014-05-05 06:00:00,283.0
1958,2014-05-05 12:00:00,282.4
1959,2014-05-05 18:00:00,281.79
1960,2014-05-06 00:00:00,281.9
1961,2014-05-06 06:00:00,281.0
1962,2014-05-06 12:00:00,281.1
1963,2014-05-06 18:00:00,280.4
1964,2014-05-07 00:00:00,280.9
1965,2014-05-07 06:00:00,280.6
1966,2014-05-07 12:00:00,280.1
1967,2014-05-07 18:00:00,280.29
1968,2014-05-08 00:00:00,281.0
1969,2014-05-08 06:00:00,279.6
1970,2014-05-08 12:00:00,279.0
1971,2014-05-08 18:00:00,279.29
1972,2014-05-09 00:00:00,279.69998
1973,2014-05-09 06:00:00,280.1
1974,2014-05-09 12:00:00,280.0
1975,2014-05-09 18:00:00,280.5
1976,2014-05-10 00:00:00,281.1
1977,2014-05-10 06:00:00,281.1
1978,2014-05-10 12:00:00,281.1
1979,2014-05-10 18:00:00,281.19998
1980,2014-05-11 00:00:00,281.6
1981,2014-05-11 06:00:00,280.69998
1982,2014-05-11 12:00:00,280.6
1983,2014-05-11 18:00:00,280.1
1984,2014-05-12 00:00:00,280.4
1985,2014-05-12 06:00:00,280.5
1986,2014-05-12 12:00:00,281.0
1987,2014-05-12 18:00:00,280.6
1988,2014-05-13 00:00:00,281.29
1989,2014-05-13 06:00:00,280.6
1990,2014-05-13 12:00:00,280.29
1991,2014-05-13 18:00:00,280.4
1992,2014-05-14 00:00:00,281.19998
1993,2014-05-14 06:00:00,280.6
1994,2014-05-14 12:00:00,280.9
1995,2014-05-14 18:00:00,280.69998
1996,2014-05-15 00:00:00,281.69998
1997,2014-05-15 06:00:00,280.79
1998,2014-05-15 12:00:00,280.9
1999,2014-05-15 18:00:00,280.79
2000,2014-05-16 00:00:00,281.19998
2001,2014-05-16 06:00:00,281.29
2002,2014-05-16 12:00:00,281.1
2003,2014-05-16 18:00:00,280.6
2004,2014-05-17 00:00:00,281.1
2005,2014-05-17 06:00:00,280.69998
2006,2014-05-17 12:00:00,280.29
2007,2014-05-17 18:00:00,280.6
2008,2014-05-18 00:00:00,281.0
2009,2014-05-18 06:00:00,280.9
2010,2014-05-18 12:00:00,281.1
2011,2014-05-18 18:00:00,281.19998
2012,2014-05-19 00:00:00,282.19998
2013,2014-05-19 06:00:00,281.6
2014,2014-05-19 12:00:00,282.0
2015,2014-05-19 18:00:00,282.1
2016,2014-05-20 00:00:00,282.0
2017,2014-05-20 06:00:00,281.5
2018,2014-05-20 12:00:00,282.5
2019,2014-05-20 18:00:00,282.69998
2020,2014-05-21 00:00:00,283.1
2021,2014-05-21 06:00:00,282.29
2022,2014-05-21 12:00:00,281.19998
2023,2014-05-21 18:00:00,281.29
2024,2014-05-22 00:00:00,281.6
2025,2014-05-22 06:00:00,280.79
2026,2014-05-22 12:00:00,280.4
2027,2014-05-22 18:00:00,280.5
2028,2014-05-23 00:00:00,280.4
2029,2014-05-23 06:00:00,280.29
2030,2014-05-23 12:00:00,279.79
2031,2014-05-23 18:00:00,280.6
2032,2014-05-24 00:00:00,281.6
2033,2014-05-24 06:00:00,281.4
2034,2014-05-24 12:00:00,281.6
2035,2014-05-24 18:00:00,281.29
2036,2014-05-25 00:00:00,282.69998
2037,2014-05-25 06:00:00,282.4
2038,2014-05-25 12:00:00,282.69998
2039,2014-05-25 18:00:00,283.1
2040,2014-05-26 00:00:00,283.69998
2041,2014-05-26 06:00:00,283.6
2042,2014-05-26 12:00:00,283.6
2043,2014-05-26 18:00:00,282.79
2044,2014-05-27 00:00:00,283.5
2045,2014-05-27 06:00:00,283.6
2046,2014-05-27 12:00:00,283.6
2047,2014-05-27 18:00:00,284.19998
2048,2014-05-28 00:00:00,284.29
2049,2014-05-28 06:00:00,284.5
2050,2014-05-28 12:00:00,284.6
2051,2014-05-28 18:00:00,284.4
2052,2014-05-29 00:00:00,284.69998
2053,2014-05-29 06:00:00,284.0
2054,2014-05-29 12:00:00,282.79
2055,2014-05-29 18:00:00,282.5
2056,2014-05-30 00:00:00,281.69998
2057,2014-05-30 06:00:00,281.6
2058,2014-05-30 12:00:00,280.79
2059,2014-05-30 18:00:00,280.79
2060,2014-05-31 00:00:00,281.9
2061,2014-05-31 06:00:00,282.0
2062,2014-05-31 12:00:00,281.9
2063,2014-05-31 18:00:00,282.1
2064,2014-06-01 00:00:00,282.5
2065,2014-06-01 06:00:00,282.69998
2066,2014-06-01 12:00:00,282.29
2067,2014-06-01 18:00:00,283.1
2068,2014-06-02 00:00:00,284.1
2069,2014-06-02 06:00:00,284.4
2070,2014-06-02 12:00:00,284.19998
2071,2014-06-02 18:00:00,283.69998
2072,2014-06-03 00:00:00,283.9
2073,2014-06-03 06:00:00,284.0
2074,2014-06-03 12:00:00,283.6
2075,2014-06-03 18:00:00,284.29
2076,2014-06-04 00:00:00,285.19998
2077,2014-06-04 06:00:00,284.69998
2078,2014-06-04 12:00:00,284.19998
2079,2014-06-04 18:00:00,285.29
2080,2014-06-05 00:00:00,285.6
2081,2014-06-05 06:00:00,286.19998
2082,2014-06-05 12:00:00,283.79
2083,2014-06-05 18:00:00,284.9
2084,2014-06-06 00:00:00,285.0
2085,2014-06-06 06:00:00,283.9
2086,2014-06-06 12:00:00,283.79
2087,2014-06-06 18:00:00,283.79
2088,2014-06-07 00:00:00,283.69998
2089,2014-06-07 06:00:00,283.79
2090,2014-06-07 12:00:00,283.69998
2091,2014-06-07 18:00:00,283.79
2092,2014-06-08 00:00:00,283.69998
2093,2014-06-08 06:00:00,283.6
2094,2014-06-08 12:00:00,284.0
2095,2014-06-08 18:00:00,284.19998
2096,2014-06-09 00:00:00,284.9
2097,2014-06-09 06:00:00,284.19998
2098,2014-06-09 12:00:00,283.69998
2099,2014-06-09 18:00:00,284.1
2100,2014-06-10 00:00:00,284.79
2101,2014-06-10 06:00:00,284.19998
2102,2014-06-10 12:00:00,283.4
2103,2014-06-10 18:00:00,283.0
2104,2014-06-11 00:00:00,283.69998
2105,2014-06-11 06:00:00,283.9
2106,2014-06-11 12:00:00,283.9
2107,2014-06-11 18:00:00,283.9
2108,2014-06-12 00:00:00,284.79
2109,2014-06-12 06:00:00,284.79
2110,2014-06-12 12:00:00,285.6
2111,2014-06-12 18:00:00,286.29
2112,2014-06-13 00:00:00,286.1
2113,2014-06-13 06:00:00,285.29
2114,2014-06-13 12:00:00,284.5
2115,2014-06-13 18:00:00,285.19998
2116,2014-06-14 00:00:00,285.4
2117,2014-06-14 06:00:00,285.9
2118,2014-06-14 12:00:00,286.0
2119,2014-06-14 18:00:00,286.4
2120,2014-06-15 00:00:00,287.29
2121,2014-06-15 06:00:00,286.6
2122,2014-06-15 12:00:00,286.79
2123,2014-06-15 18:00:00,286.5
2124,2014-06-16 00:00:00,287.5
2125,2014-06-16 06:00:00,286.69998
2126,2014-06-16 12:00:00,285.4
2127,2014-06-16 18:00:00,283.79
2128,2014-06-17 00:00:00,282.69998
2129,2014-06-17 06:00:00,282.0
2130,2014-06-17 12:00:00,282.0
2131,2014-06-17 18:00:00,281.9
2132,2014-06-18 00:00:00,282.19998
2133,2014-06-18 06:00:00,281.79
2134,2014-06-18 12:00:00,282.4
2135,2014-06-18 18:00:00,281.69998
2136,2014-06-19 00:00:00,282.6
2137,2014-06-19 06:00:00,282.19998
2138,2014-06-19 12:00:00,283.0
2139,2014-06-19 18:00:00,284.29
2140,2014-06-20 00:00:00,285.19998
2141,2014-06-20 06:00:00,285.5
2142,2014-06-20 12:00:00,285.5
2143,2014-06-20 18:00:00,285.9
2144,2014-06-21 00:00:00,286.4
2145,2014-06-21 06:00:00,285.0
2146,2014-06-21 12:00:00,283.9
2147,2014-06-21 18:00:00,284.19998
2148,2014-06-22 00:00:00,284.6
2149,2014-06-22 06:00:00,284.0
2150,2014-06-22 12:00:00,283.1
2151,2014-06-22 18:00:00,283.29
2152,2014-06-23 00:00:00,284.1
2153,2014-06-23 06:00:00,284.6
2154,2014-06-23 12:00:00,284.69998
2155,2014-06-23 18:00:00,286.29
2156,2014-06-24 00:00:00,285.79
2157,2014-06-24 06:00:00,285.79
2158,2014-06-24 12:00:00,285.69998
2159,2014-06-24 18:00:00,285.79
2160,2014-06-25 00:00:00,287.0
2161,2014-06-25 06:00:00,287.4
2162,2014-06-25 12:00:00,286.19998
2163,2014-06-25 18:00:00,284.79
2164,2014-06-26 00:00:00,284.9
2165,2014-06-26 06:00:00,284.4
2166,2014-06-26 12:00:00,283.69998
2167,2014-06-26 18:00:00,283.4
2168,2014-06-27 00:00:00,283.79
2169,2014-06-27 06:00:00,283.5
2170,2014-06-27 12:00:00,283.4
2171,2014-06-27 18:00:00,282.69998
2172,2014-06-28 00:00:00,283.1
2173,2014-06-28 06:00:00,283.5
2174,2014-06-28 12:00:00,282.79
2175,2014-06-28 18:00:00,282.29
2176,2014-06-29 00:00:00,283.19998
2177,2014-06-29 06:00:00,283.29
2178,2014-06-29 12:00:00,282.69998
2179,2014-06-29 18:00:00,283.19998
2180,2014-06-30 00:00:00,283.9
2181,2014-06-30 06:00:00,283.69998
2182,2014-06-30 12:00:00,283.5
2183,2014-06-30 18:00:00,283.69998
2184,2014-07-01 00:00:00,283.79
2185,2014-07-01 06:00:00,283.6
2186,2014-07-01 12:00:00,283.9
2187,2014-07-01 18:00:00,284.4
2188,2014-07-02 00:00:00,285.9
2189,2014-07-02 06:00:00,285.69998
2190,2014-07-02 12:00:00,286.29
2191,2014-07-02 18:00:00,286.4
2192,2014-07-03 00:00:00,286.5
2193,2014-07-03 06:00:00,285.5
2194,2014-07-03 12:00:00,284.79
2195,2014-07-03 18:00:00,285.29
2196,2014-07-04 00:00:00,285.29
2197,2014-07-04 06:00:00,285.29
2198,2014-07-04 12:00:00,284.9
2199,2014-07-04 18:00:00,284.0
2200,2014-07-05 00:00:00,286.0
2201,2014-07-05 06:00:00,284.69998
2202,2014-07-05 12:00:00,284.0
2203,2014-07-05 18:00:00,283.69998
2204,2014-07-06 00:00:00,284.6
2205,2014-07-06 06:00:00,284.4
2206,2014-07-06 12:00:00,284.0
2207,2014-07-06 18:00:00,283.69998
2208,2014-07-07 00:00:00,284.19998
2209,2014-07-07 06:00:00,284.29
2210,2014-07-07 12:00:00,285.0
2211,2014-07-07 18:00:00,284.29
2212,2014-07-08 00:00:00,285.19998
2213,2014-07-08 06:00:00,285.19998
2214,2014-07-08 12:00:00,285.5
2215,2014-07-08 18:00:00,286.6
2216,2014-07-09 00:00:00,286.4
2217,2014-07-09 06:00:00,286.4
2218,2014-07-09 12:00:00,285.69998
2219,2014-07-09 18:00:00,286.19998
2220,2014-07-10 00:00:00,287.5
2221,2014-07-10 06:00:00,287.0
2222,2014-07-10 12:00:00,284.4
2223,2014-07-10 18:00:00,283.4
2224,2014-07-11 00:00:00,283.79
2225,2014-07-11 06:00:00,284.6
2226,2014-07-11 12:00:00,283.79
2227,2014-07-11 18:00:00,284.5
2228,2014-07-12 00:00:00,285.5
2229,2014-07-12 06:00:00,285.5
2230,2014-07-12 12:00:00,284.19998
2231,2014-07-12 18:00:00,283.79
2232,2014-07-13 00:00:00,284.6
2233,2014-07-13 06:00:00,284.0
2234,2014-07-13 12:00:00,283.9
2235,2014-07-13 18:00:00,284.4
2236,2014-07-14 00:00:00,284.5
2237,2014-07-14 06:00:00,284.69998
2238,2014-07-14 12:00:00,285.19998
2239,2014-07-14 18:00:00,285.69998
2240,2014-07-15 00:00:00,285.79
2241,2014-07-15 06:00:00,285.6
2242,2014-07-15 12:00:00,285.29
2243,2014-07-15 18:00:00,285.69998
2244,2014-07-16 00:00:00,286.29
2245,2014-07-16 06:00:00,286.29
2246,2014-07-16 12:00:00,287.1
2247,2014-07-16 18:00:00,290.4
2248,2014-07-17 00:00:00,289.5
2249,2014-07-17 06:00:00,289.29
2250,2014-07-17 12:00:00,289.1
2251,2014-07-17 18:00:00,289.5
2252,2014-07-18 00:00:00,288.19998
2253,2014-07-18 06:00:00,288.6
2254,2014-07-18 12:00:00,289.0
2255,2014-07-18 18:00:00,288.69998
2256,2014-07-19 00:00:00,289.5
2257,2014-07-19 06:00:00,288.79
2258,2014-07-19 12:00:00,287.9
2259,2014-07-19 18:00:00,288.1
2260,2014-07-20 00:00:00,288.69998
2261,2014-07-20 06:00:00,288.1
2262,2014-07-20 12:00:00,287.79
2263,2014-07-20 18:00:00,288.5
2264,2014-07-21 00:00:00,289.6
2265,2014-07-21 06:00:00,288.1
2266,2014-07-21 12:00:00,287.69998
2267,2014-07-21 18:00:00,288.5
2268,2014-07-22 00:00:00,289.29
2269,2014-07-22 06:00:00,288.69998
2270,2014-07-22 12:00:00,288.69998
2271,2014-07-22 18:00:00,288.4
2272,2014-07-23 00:00:00,288.4
2273,2014-07-23 06:00:00,288.4
2274,2014-07-23 12:00:00,288.6
2275,2014-07-23 18:00:00,288.4
2276,2014-07-24 00:00:00,288.6
2277,2014-07-24 06:00:00,288.69998
2278,2014-07-24 12:00:00,288.1
2279,2014-07-24 18:00:00,287.29
2280,2014-07-25 00:00:00,287.5
2281,2014-07-25 06:00:00,287.6
2282,2014-07-25 12:00:00,287.4
2283,2014-07-25 18:00:00,286.6
2284,2014-07-26 00:00:00,288.1
2285,2014-07-26 06:00:00,287.19998
2286,2014-07-26 12:00:00,286.6
2287,2014-07-26 18:00:00,285.9
2288,2014-07-27 00:00:00,286.5
2289,2014-07-27 06:00:00,285.9
2290,2014-07-27 12:00:00,285.5
2291,2014-07-27 18:00:00,285.6
2292,2014-07-28 00:00:00,286.29
2293,2014-07-28 06:00:00,286.0
2294,2014-07-28 12:00:00,285.6
2295,2014-07-28 18:00:00,285.19998
2296,2014-07-29 00:00:00,285.9
2297,2014-07-29 06:00:00,285.9
2298,2014-07-29 12:00:00,285.69998
2299,2014-07-29 18:00:00,285.69998
2300,2014-07-30 00:00:00,286.69998
2301,2014-07-30 06:00:00,286.69998
2302,2014-07-30 12:00:00,286.69998
2303,2014-07-30 18:00:00,286.69998
2304,2014-07-31 00:00:00,287.1
2305,2014-07-31 06:00:00,286.79
2306,2014-07-31 12:00:00,286.29
2307,2014-07-31 18:00:00,286.19998
2308,2014-08-01 00:00:00,286.5
2309,2014-08-01 06:00:00,286.19998
2310,2014-08-01 12:00:00,286.1
2311,2014-08-01 18:00:00,285.4
2312,2014-08-02 00:00:00,285.9
2313,2014-08-02 06:00:00,285.69998
2314,2014-08-02 12:00:00,286.19998
2315,2014-08-02 18:00:00,285.79
2316,2014-08-03 00:00:00,286.9
2317,2014-08-03 06:00:00,286.6
2318,2014-08-03 12:00:00,286.19998
2319,2014-08-03 18:00:00,286.4
2320,2014-08-04 00:00:00,287.4
2321,2014-08-04 06:00:00,287.19998
2322,2014-08-04 12:00:00,287.0
2323,2014-08-04 18:00:00,287.29
2324,2014-08-05 00:00:00,288.4
2325,2014-08-05 06:00:00,287.29
2326,2014-08-05 12:00:00,287.4
2327,2014-08-05 18:00:00,287.0
2328,2014-08-06 00:00:00,287.79
2329,2014-08-06 06:00:00,287.69998
2330,2014-08-06 12:00:00,287.79
2331,2014-08-06 18:00:00,288.1
2332,2014-08-07 00:00:00,288.6
2333,2014-08-07 06:00:00,287.9
2334,2014-08-07 12:00:00,288.0
2335,2014-08-07 18:00:00,288.5
2336,2014-08-08 00:00:00,289.1
2337,2014-08-08 06:00:00,289.79
2338,2014-08-08 12:00:00,290.19998
2339,2014-08-08 18:00:00,289.29
2340,2014-08-09 00:00:00,288.9
2341,2014-08-09 06:00:00,288.29
2342,2014-08-09 12:00:00,287.79
2343,2014-08-09 18:00:00,288.0
2344,2014-08-10 00:00:00,288.29
2345,2014-08-10 06:00:00,287.4
2346,2014-08-10 12:00:00,287.1
2347,2014-08-10 18:00:00,286.79
2348,2014-08-11 00:00:00,287.0
2349,2014-08-11 06:00:00,287.29
2350,2014-08-11 12:00:00,288.19998
2351,2014-08-11 18:00:00,288.6
2352,2014-08-12 00:00:00,289.4
2353,2014-08-12 06:00:00,288.79
2354,2014-08-12 12:00:00,289.4
2355,2014-08-12 18:00:00,289.0
2356,2014-08-13 00:00:00,288.69998
2357,2014-08-13 06:00:00,287.6
2358,2014-08-13 12:00:00,286.6
2359,2014-08-13 18:00:00,286.29
2360,2014-08-14 00:00:00,287.79
2361,2014-08-14 06:00:00,287.6
2362,2014-08-14 12:00:00,287.9
2363,2014-08-14 18:00:00,287.5
2364,2014-08-15 00:00:00,288.0
2365,2014-08-15 06:00:00,288.0
2366,2014-08-15 12:00:00,289.5
2367,2014-08-15 18:00:00,290.29
2368,2014-08-16 00:00:00,289.69998
2369,2014-08-16 06:00:00,288.1
2370,2014-08-16 12:00:00,290.1
2371,2014-08-16 18:00:00,290.1
2372,2014-08-17 00:00:00,289.4
2373,2014-08-17 06:00:00,288.5
2374,2014-08-17 12:00:00,288.69998
2375,2014-08-17 18:00:00,288.9
2376,2014-08-18 00:00:00,289.6
2377,2014-08-18 06:00:00,289.0
2378,2014-08-18 12:00:00,289.29
2379,2014-08-18 18:00:00,290.19998
2380,2014-08-19 00:00:00,291.1
2381,2014-08-19 06:00:00,289.5
2382,2014-08-19 12:00:00,288.5
2383,2014-08-19 18:00:00,288.4
2384,2014-08-20 00:00:00,288.69998
2385,2014-08-20 06:00:00,288.5
2386,2014-08-20 12:00:00,288.4
2387,2014-08-20 18:00:00,288.19998
2388,2014-08-21 00:00:00,289.6
2389,2014-08-21 06:00:00,288.79
2390,2014-08-21 12:00:00,289.19998
2391,2014-08-21 18:00:00,289.5
2392,2014-08-22 00:00:00,290.0
2393,2014-08-22 06:00:00,289.69998
2394,2014-08-22 12:00:00,290.1
2395,2014-08-22 18:00:00,291.1
2396,2014-08-23 00:00:00,291.29
2397,2014-08-23 06:00:00,291.0
2398,2014-08-23 12:00:00,290.9
2399,2014-08-23 18:00:00,291.29
2400,2014-08-24 00:00:00,290.19998
2401,2014-08-24 06:00:00,288.9
2402,2014-08-24 12:00:00,287.5
2403,2014-08-24 18:00:00,287.69998
2404,2014-08-25 00:00:00,288.9
2405,2014-08-25 06:00:00,288.79
2406,2014-08-25 12:00:00,287.5
2407,2014-08-25 18:00:00,286.4
2408,2014-08-26 00:00:00,286.79
2409,2014-08-26 06:00:00,286.69998
2410,2014-08-26 12:00:00,287.29
2411,2014-08-26 18:00:00,287.1
2412,2014-08-27 00:00:00,288.1
2413,2014-08-27 06:00:00,288.0
2414,2014-08-27 12:00:00,288.0
2415,2014-08-27 18:00:00,288.1
2416,2014-08-28 00:00:00,289.29
2417,2014-08-28 06:00:00,289.19998
2418,2014-08-28 12:00:00,289.6
2419,2014-08-28 18:00:00,289.6
2420,2014-08-29 00:00:00,291.4
2421,2014-08-29 06:00:00,290.19998
2422,2014-08-29 12:00:00,289.5
2423,2014-08-29 18:00:00,289.5
2424,2014-08-30 00:00:00,290.79
2425,2014-08-30 06:00:00,291.0
2426,2014-08-30 12:00:00,290.69998
2427,2014-08-30 18:00:00,291.4
2428,2014-08-31 00:00:00,290.69998
2429,2014-08-31 06:00:00,290.1
2430,2014-08-31 12:00:00,289.29
2431,2014-08-31 18:00:00,289.69998
2432,2014-09-01 00:00:00,290.29
2433,2014-09-01 06:00:00,290.69998
2434,2014-09-01 12:00:00,289.79
2435,2014-09-01 18:00:00,290.4
2436,2014-09-02 00:00:00,291.1
2437,2014-09-02 06:00:00,290.1
2438,2014-09-02 12:00:00,289.9
2439,2014-09-02 18:00:00,290.4
2440,2014-09-03 00:00:00,290.9
2441,2014-09-03 06:00:00,290.19998
2442,2014-09-03 12:00:00,290.9
2443,2014-09-03 18:00:00,291.1
2444,2014-09-04 00:00:00,290.69998
2445,2014-09-04 06:00:00,290.19998
2446,2014-09-04 12:00:00,290.0
2447,2014-09-04 18:00:00,290.5
2448,2014-09-05 00:00:00,290.0
2449,2014-09-05 06:00:00,288.29
2450,2014-09-05 12:00:00,288.1
2451,2014-09-05 18:00:00,288.0
2452,2014-09-06 00:00:00,289.19998
2453,2014-09-06 06:00:00,289.1
2454,2014-09-06 12:00:00,289.4
2455,2014-09-06 18:00:00,289.9
2456,2014-09-07 00:00:00,290.6
2457,2014-09-07 06:00:00,290.79
2458,2014-09-07 12:00:00,290.69998
2459,2014-09-07 18:00:00,290.69998
2460,2014-09-08 00:00:00,291.1
2461,2014-09-08 06:00:00,291.1
2462,2014-09-08 12:00:00,290.19998
2463,2014-09-08 18:00:00,290.19998
2464,2014-09-09 00:00:00,289.9
2465,2014-09-09 06:00:00,288.4
2466,2014-09-09 12:00:00,288.4
2467,2014-09-09 18:00:00,289.29
2468,2014-09-10 00:00:00,290.1
2469,2014-09-10 06:00:00,290.0
2470,2014-09-10 12:00:00,290.0
2471,2014-09-10 18:00:00,289.6
2472,2014-09-11 00:00:00,290.9
2473,2014-09-11 06:00:00,292.29
2474,2014-09-11 12:00:00,292.0
2475,2014-09-11 18:00:00,291.79
2476,2014-09-12 00:00:00,291.4
2477,2014-09-12 06:00:00,291.19998
2478,2014-09-12 12:00:00,289.4
2479,2014-09-12 18:00:00,288.0
2480,2014-09-13 00:00:00,287.79
2481,2014-09-13 06:00:00,288.0
2482,2014-09-13 12:00:00,287.4
2483,2014-09-13 18:00:00,287.5
2484,2014-09-14 00:00:00,288.69998
2485,2014-09-14 06:00:00,288.1
2486,2014-09-14 12:00:00,288.1
2487,2014-09-14 18:00:00,287.9
2488,2014-09-15 00:00:00,288.5
2489,2014-09-15 06:00:00,287.79
2490,2014-09-15 12:00:00,288.1
2491,2014-09-15 18:00:00,288.4
2492,2014-09-16 00:00:00,288.79
2493,2014-09-16 06:00:00,288.6
2494,2014-09-16 12:00:00,289.4
2495,2014-09-16 18:00:00,290.4
2496,2014-09-17 00:00:00,290.5
2497,2014-09-17 06:00:00,290.6
2498,2014-09-17 12:00:00,290.29
2499,2014-09-17 18:00:00,290.1
2500,2014-09-18 00:00:00,287.9
2501,2014-09-18 06:00:00,287.19998
2502,2014-09-18 12:00:00,287.19998
2503,2014-09-18 18:00:00,286.69998
2504,2014-09-19 00:00:00,286.5
2505,2014-09-19 06:00:00,285.9
2506,2014-09-19 12:00:00,286.79
2507,2014-09-19 18:00:00,286.4
2508,2014-09-20 00:00:00,285.6
2509,2014-09-20 06:00:00,286.1
2510,2014-09-20 12:00:00,286.0
2511,2014-09-20 18:00:00,285.69998
2512,2014-09-21 00:00:00,286.19998
2513,2014-09-21 06:00:00,286.29
2514,2014-09-21 12:00:00,285.9
2515,2014-09-21 18:00:00,285.6
2516,2014-09-22 00:00:00,286.19998
2517,2014-09-22 06:00:00,285.29
2518,2014-09-22 12:00:00,286.0
2519,2014-09-22 18:00:00,286.6
2520,2014-09-23 00:00:00,287.6
2521,2014-09-23 06:00:00,287.5
2522,2014-09-23 12:00:00,287.19998
2523,2014-09-23 18:00:00,287.19998
2524,2014-09-24 00:00:00,287.19998
2525,2014-09-24 06:00:00,286.5
2526,2014-09-24 12:00:00,286.79
2527,2014-09-24 18:00:00,287.4
2528,2014-09-25 00:00:00,287.9
2529,2014-09-25 06:00:00,290.1
2530,2014-09-25 12:00:00,291.29
2531,2014-09-25 18:00:00,291.4
2532,2014-09-26 00:00:00,291.9
2533,2014-09-26 06:00:00,289.69998
2534,2014-09-26 12:00:00,288.19998
2535,2014-09-26 18:00:00,287.9
2536,2014-09-27 00:00:00,287.29
2537,2014-09-27 06:00:00,286.29
2538,2014-09-27 12:00:00,285.5
2539,2014-09-27 18:00:00,285.6
2540,2014-09-28 00:00:00,286.4
2541,2014-09-28 06:00:00,285.9
2542,2014-09-28 12:00:00,285.9
2543,2014-09-28 18:00:00,285.69998
2544,2014-09-29 00:00:00,287.19998
2545,2014-09-29 06:00:00,287.79
2546,2014-09-29 12:00:00,288.5
2547,2014-09-29 18:00:00,288.6
2548,2014-09-30 00:00:00,289.5
2549,2014-09-30 06:00:00,288.79
2550,2014-09-30 12:00:00,289.29
2551,2014-09-30 18:00:00,289.6
2552,2014-10-01 00:00:00,290.19998
2553,2014-10-01 06:00:00,288.79
2554,2014-10-01 12:00:00,288.79
2555,2014-10-01 18:00:00,288.19998
2556,2014-10-02 00:00:00,288.5
2557,2014-10-02 06:00:00,287.9
2558,2014-10-02 12:00:00,287.69998
2559,2014-10-02 18:00:00,287.1
2560,2014-10-03 00:00:00,287.9
2561,2014-10-03 06:00:00,287.0
2562,2014-10-03 12:00:00,287.1
2563,2014-10-03 18:00:00,287.4
2564,2014-10-04 00:00:00,287.79
2565,2014-10-04 06:00:00,288.19998
2566,2014-10-04 12:00:00,287.79
2567,2014-10-04 18:00:00,286.6
2568,2014-10-05 00:00:00,285.5
2569,2014-10-05 06:00:00,284.29
2570,2014-10-05 12:00:00,284.5
2571,2014-10-05 18:00:00,284.79
2572,2014-10-06 00:00:00,286.1
2573,2014-10-06 06:00:00,286.29
2574,2014-10-06 12:00:00,287.6
2575,2014-10-06 18:00:00,287.6
2576,2014-10-07 00:00:00,288.4
2577,2014-10-07 06:00:00,288.29
2578,2014-10-07 12:00:00,288.19998
2579,2014-10-07 18:00:00,287.5
2580,2014-10-08 00:00:00,288.29
2581,2014-10-08 06:00:00,289.1
2582,2014-10-08 12:00:00,289.1
2583,2014-10-08 18:00:00,289.69998
2584,2014-10-09 00:00:00,289.9
2585,2014-10-09 06:00:00,289.4
2586,2014-10-09 12:00:00,288.1
2587,2014-10-09 18:00:00,287.79
2588,2014-10-10 00:00:00,287.9
2589,2014-10-10 06:00:00,287.29
2590,2014-10-10 12:00:00,287.0
2591,2014-10-10 18:00:00,287.4
2592,2014-10-11 00:00:00,287.0
2593,2014-10-11 06:00:00,287.4
2594,2014-10-11 12:00:00,286.29
2595,2014-10-11 18:00:00,286.0
2596,2014-10-12 00:00:00,285.19998
2597,2014-10-12 06:00:00,284.6
2598,2014-10-12 12:00:00,283.79
2599,2014-10-12 18:00:00,284.5
2600,2014-10-13 00:00:00,284.69998
2601,2014-10-13 06:00:00,284.6
2602,2014-10-13 12:00:00,284.29
2603,2014-10-13 18:00:00,283.6
2604,2014-10-14 00:00:00,283.79
2605,2014-10-14 06:00:00,283.79
2606,2014-10-14 12:00:00,282.69998
2607,2014-10-14 18:00:00,285.6
2608,2014-10-15 00:00:00,288.5
2609,2014-10-15 06:00:00,286.4
2610,2014-10-15 12:00:00,285.4
2611,2014-10-15 18:00:00,284.6
2612,2014-10-16 00:00:00,284.0
2613,2014-10-16 06:00:00,283.79
2614,2014-10-16 12:00:00,284.4
2615,2014-10-16 18:00:00,286.4
2616,2014-10-17 00:00:00,287.4
2617,2014-10-17 06:00:00,286.6
2618,2014-10-17 12:00:00,284.69998
2619,2014-10-17 18:00:00,284.69998
2620,2014-10-18 00:00:00,283.5
2621,2014-10-18 06:00:00,282.69998
2622,2014-10-18 12:00:00,282.9
2623,2014-10-18 18:00:00,283.6
2624,2014-10-19 00:00:00,283.79
2625,2014-10-19 06:00:00,284.38998
2626,2014-10-19 12:00:00,284.1
2627,2014-10-19 18:00:00,284.79
2628,2014-10-20 00:00:00,285.19998
2629,2014-10-20 06:00:00,285.88998
2630,2014-10-20 12:00:00,284.69
2631,2014-10-20 18:00:00,284.1
2632,2014-10-21 00:00:00,283.69
2633,2014-10-21 06:00:00,282.79
2634,2014-10-21 12:00:00,281.88998
2635,2014-10-21 18:00:00,282.79
2636,2014-10-22 00:00:00,283.6
2637,2014-10-22 06:00:00,282.88998
2638,2014-10-22 12:00:00,282.69998
2639,2014-10-22 18:00:00,283.09
2640,2014-10-23 00:00:00,282.88998
2641,2014-10-23 06:00:00,282.0
2642,2014-10-23 12:00:00,282.19998
2643,2014-10-23 18:00:00,282.38998
2644,2014-10-24 00:00:00,282.88998
2645,2014-10-24 06:00:00,281.99
2646,2014-10-24 12:00:00,281.88998
2647,2014-10-24 18:00:00,282.49
2648,2014-10-25 00:00:00,283.19998
2649,2014-10-25 06:00:00,283.38998
2650,2014-10-25 12:00:00,286.6
2651,2014-10-25 18:00:00,287.19998
2652,2014-10-26 00:00:00,286.69
2653,2014-10-26 06:00:00,284.79
2654,2014-10-26 12:00:00,283.69998
2655,2014-10-26 18:00:00,283.49
2656,2014-10-27 00:00:00,283.69998
2657,2014-10-27 06:00:00,282.79
2658,2014-10-27 12:00:00,282.19998
2659,2014-10-27 18:00:00,281.5
2660,2014-10-28 00:00:00,283.69998
2661,2014-10-28 06:00:00,283.0
2662,2014-10-28 12:00:00,282.19
2663,2014-10-28 18:00:00,282.49
2664,2014-10-29 00:00:00,282.19
2665,2014-10-29 06:00:00,282.38998
2666,2014-10-29 12:00:00,281.59
2667,2014-10-29 18:00:00,281.69
2668,2014-10-30 00:00:00,282.79
2669,2014-10-30 06:00:00,283.29
2670,2014-10-30 12:00:00,284.09
2671,2014-10-30 18:00:00,283.79
2672,2014-10-31 00:00:00,283.79
2673,2014-10-31 06:00:00,284.29
2674,2014-10-31 12:00:00,284.69998
2675,2014-10-31 18:00:00,285.29
2676,2014-11-01 00:00:00,284.88998
2677,2014-11-01 06:00:00,285.09
2678,2014-11-01 12:00:00,283.88998
2679,2014-11-01 18:00:00,283.6
2680,2014-11-02 00:00:00,282.69998
2681,2014-11-02 06:00:00,281.88998
2682,2014-11-02 12:00:00,281.69998
2683,2014-11-02 18:00:00,282.59
2684,2014-11-03 00:00:00,283.29
2685,2014-11-03 06:00:00,281.88998
2686,2014-11-03 12:00:00,281.38998
2687,2014-11-03 18:00:00,281.5
2688,2014-11-04 00:00:00,281.99
2689,2014-11-04 06:00:00,281.88998
2690,2014-11-04 12:00:00,281.19
2691,2014-11-04 18:00:00,281.38998
2692,2014-11-05 00:00:00,280.99
2693,2014-11-05 06:00:00,280.69
2694,2014-11-05 12:00:00,281.0
2695,2014-11-05 18:00:00,283.88998
2696,2014-11-06 00:00:00,283.5
2697,2014-11-06 06:00:00,281.59
2698,2014-11-06 12:00:00,281.88998
2699,2014-11-06 18:00:00,281.69
2700,2014-11-07 00:00:00,281.29
2701,2014-11-07 06:00:00,281.69998
2702,2014-11-07 12:00:00,280.79
2703,2014-11-07 18:00:00,280.79
2704,2014-11-08 00:00:00,281.0
2705,2014-11-08 06:00:00,280.49
2706,2014-11-08 12:00:00,280.49
2707,2014-11-08 18:00:00,282.5
2708,2014-11-09 00:00:00,283.69998
2709,2014-11-09 06:00:00,284.38998
2710,2014-11-09 12:00:00,284.38998
2711,2014-11-09 18:00:00,284.59
2712,2014-11-10 00:00:00,283.99
2713,2014-11-10 06:00:00,283.38998
2714,2014-11-10 12:00:00,283.19
2715,2014-11-10 18:00:00,282.99
2716,2014-11-11 00:00:00,282.19
2717,2014-11-11 06:00:00,281.49
2718,2014-11-11 12:00:00,281.38998
2719,2014-11-11 18:00:00,281.59
2720,2014-11-12 00:00:00,282.38998
2721,2014-11-12 06:00:00,282.88998
2722,2014-11-12 12:00:00,282.38998
2723,2014-11-12 18:00:00,281.69
2724,2014-11-13 00:00:00,282.0
2725,2014-11-13 06:00:00,281.19998
2726,2014-11-13 12:00:00,280.49
2727,2014-11-13 18:00:00,280.88998
2728,2014-11-14 00:00:00,281.1
2729,2014-11-14 06:00:00,281.5
2730,2014-11-14 12:00:00,281.79
2731,2014-11-14 18:00:00,281.1
2732,2014-11-15 00:00:00,281.09
2733,2014-11-15 06:00:00,281.38998
2734,2014-11-15 12:00:00,280.79
2735,2014-11-15 18:00:00,281.29
2736,2014-11-16 00:00:00,282.1
2737,2014-11-16 06:00:00,281.79
2738,2014-11-16 12:00:00,281.69
2739,2014-11-16 18:00:00,281.79
2740,2014-11-17 00:00:00,281.69998
2741,2014-11-17 06:00:00,283.09
2742,2014-11-17 12:00:00,283.19
2743,2014-11-17 18:00:00,283.79
2744,2014-11-18 00:00:00,283.59
2745,2014-11-18 06:00:00,282.88998
2746,2014-11-18 12:00:00,283.1
2747,2014-11-18 18:00:00,281.79
2748,2014-11-19 00:00:00,282.19998
2749,2014-11-19 06:00:00,282.09
2750,2014-11-19 12:00:00,282.38998
2751,2014-11-19 18:00:00,281.38998
2752,2014-11-20 00:00:00,285.29
2753,2014-11-20 06:00:00,282.49
2754,2014-11-20 12:00:00,282.38998
2755,2014-11-20 18:00:00,282.88998
2756,2014-11-21 00:00:00,282.79
2757,2014-11-21 06:00:00,282.6
2758,2014-11-21 12:00:00,281.19998
2759,2014-11-21 18:00:00,281.79
2760,2014-11-22 00:00:00,281.79
2761,2014-11-22 06:00:00,281.09
2762,2014-11-22 12:00:00,280.6
2763,2014-11-22 18:00:00,281.88998
2764,2014-11-23 00:00:00,281.88998
2765,2014-11-23 06:00:00,281.29
2766,2014-11-23 12:00:00,280.5
2767,2014-11-23 18:00:00,280.88998
2768,2014-11-24 00:00:00,281.19
2769,2014-11-24 06:00:00,280.88998
2770,2014-11-24 12:00:00,280.09
2771,2014-11-24 18:00:00,280.38998
2772,2014-11-25 00:00:00,280.79
2773,2014-11-25 06:00:00,280.69
2774,2014-11-25 12:00:00,279.69998
2775,2014-11-25 18:00:00,280.38998
2776,2014-11-26 00:00:00,280.0
2777,2014-11-26 06:00:00,279.1
2778,2014-11-26 12:00:00,278.99
2779,2014-11-26 18:00:00,279.6
2780,2014-11-27 00:00:00,279.69
2781,2014-11-27 06:00:00,280.5
2782,2014-11-27 12:00:00,280.5
2783,2014-11-27 18:00:00,281.29
2784,2014-11-28 00:00:00,281.59
2785,2014-11-28 06:00:00,281.79
2786,2014-11-28 12:00:00,282.79
2787,2014-11-28 18:00:00,282.19998
2788,2014-11-29 00:00:00,280.29
2789,2014-11-29 06:00:00,280.29
2790,2014-11-29 12:00:00,279.5
2791,2014-11-29 18:00:00,280.6
2792,2014-11-30 00:00:00,280.49
2793,2014-11-30 06:00:00,280.69
2794,2014-11-30 12:00:00,280.38998
2795,2014-11-30 18:00:00,281.29
2796,2014-12-01 00:00:00,282.5
2797,2014-12-01 06:00:00,282.69998
2798,2014-12-01 12:00:00,283.59
2799,2014-12-01 18:00:00,282.19998
2800,2014-12-02 00:00:00,280.59
2801,2014-12-02 06:00:00,279.69
2802,2014-12-02 12:00:00,280.29
2803,2014-12-02 18:00:00,281.19
2804,2014-12-03 00:00:00,281.0
2805,2014-12-03 06:00:00,280.6
2806,2014-12-03 12:00:00,280.0
2807,2014-12-03 18:00:00,279.88998
2808,2014-12-04 00:00:00,279.88998
2809,2014-12-04 06:00:00,279.79
2810,2014-12-04 12:00:00,279.69
2811,2014-12-04 18:00:00,282.19
2812,2014-12-05 00:00:00,282.5
2813,2014-12-05 06:00:00,282.38998
2814,2014-12-05 12:00:00,281.38998
2815,2014-12-05 18:00:00,281.79
2816,2014-12-06 00:00:00,281.0
2817,2014-12-06 06:00:00,281.69
2818,2014-12-06 12:00:00,280.5
2819,2014-12-06 18:00:00,281.1
2820,2014-12-07 00:00:00,281.99
2821,2014-12-07 06:00:00,282.19998
2822,2014-12-07 12:00:00,281.19998
2823,2014-12-07 18:00:00,280.88998
2824,2014-12-08 00:00:00,280.38998
2825,2014-12-08 06:00:00,280.19
2826,2014-12-08 12:00:00,280.0
2827,2014-12-08 18:00:00,280.29
2828,2014-12-09 00:00:00,279.29
2829,2014-12-09 06:00:00,279.19
2830,2014-12-09 12:00:00,278.99
2831,2014-12-09 18:00:00,279.6
2832,2014-12-10 00:00:00,279.79
2833,2014-12-10 06:00:00,279.38998
2834,2014-12-10 12:00:00,279.6
2835,2014-12-10 18:00:00,280.0
2836,2014-12-11 00:00:00,280.09
2837,2014-12-11 06:00:00,279.99
2838,2014-12-11 12:00:00,280.49
2839,2014-12-11 18:00:00,280.29
2840,2014-12-12 00:00:00,281.69998
2841,2014-12-12 06:00:00,283.88998
2842,2014-12-12 12:00:00,282.69
2843,2014-12-12 18:00:00,281.88998
2844,2014-12-13 00:00:00,280.79
2845,2014-12-13 06:00:00,279.79
2846,2014-12-13 12:00:00,278.59
2847,2014-12-13 18:00:00,278.49
2848,2014-12-14 00:00:00,279.09
2849,2014-12-14 06:00:00,281.38998
2850,2014-12-14 12:00:00,282.09
2851,2014-12-14 18:00:00,282.0
2852,2014-12-15 00:00:00,281.49
2853,2014-12-15 06:00:00,280.88998
2854,2014-12-15 12:00:00,280.6
2855,2014-12-15 18:00:00,283.0
2856,2014-12-16 00:00:00,282.38998
2857,2014-12-16 06:00:00,280.29
2858,2014-12-16 12:00:00,279.79
2859,2014-12-16 18:00:00,279.88998
2860,2014-12-17 00:00:00,281.29
2861,2014-12-17 06:00:00,283.88998
2862,2014-12-17 12:00:00,280.38998
2863,2014-12-17 18:00:00,279.59
2864,2014-12-18 00:00:00,279.59
2865,2014-12-18 06:00:00,279.49
2866,2014-12-18 12:00:00,278.79
2867,2014-12-18 18:00:00,279.88998
2868,2014-12-19 00:00:00,281.79
2869,2014-12-19 06:00:00,283.19
2870,2014-12-19 12:00:00,283.38998
2871,2014-12-19 18:00:00,282.1
2872,2014-12-20 00:00:00,281.59
2873,2014-12-20 06:00:00,280.99
2874,2014-12-20 12:00:00,280.88998
2875,2014-12-20 18:00:00,280.29
2876,2014-12-21 00:00:00,279.79
2877,2014-12-21 06:00:00,279.6
2878,2014-12-21 12:00:00,278.88998
2879,2014-12-21 18:00:00,279.29
2880,2014-12-22 00:00:00,279.38998
2881,2014-12-22 06:00:00,279.0
2882,2014-12-22 12:00:00,279.5
2883,2014-12-22 18:00:00,279.69
2884,2014-12-23 00:00:00,279.5
2885,2014-12-23 06:00:00,279.0
2886,2014-12-23 12:00:00,278.19998
2887,2014-12-23 18:00:00,279.19
2888,2014-12-24 00:00:00,281.09
2889,2014-12-24 06:00:00,282.38998
2890,2014-12-24 12:00:00,283.49
2891,2014-12-24 18:00:00,282.79
2892,2014-12-25 00:00:00,281.88998
2893,2014-12-25 06:00:00,281.49
2894,2014-12-25 12:00:00,281.29
2895,2014-12-25 18:00:00,281.1
2896,2014-12-26 00:00:00,280.69
2897,2014-12-26 06:00:00,279.69998
2898,2014-12-26 12:00:00,279.0
2899,2014-12-26 18:00:00,279.6
2900,2014-12-27 00:00:00,279.49
2901,2014-12-27 06:00:00,280.6
2902,2014-12-27 12:00:00,280.88998
2903,2014-12-27 18:00:00,280.79
2904,2014-12-28 00:00:00,279.69998
2905,2014-12-28 06:00:00,279.29
2906,2014-12-28 12:00:00,279.6
2907,2014-12-28 18:00:00,278.69998
2908,2014-12-29 00:00:00,278.79
2909,2014-12-29 06:00:00,279.79
2910,2014-12-29 12:00:00,280.38998
2911,2014-12-29 18:00:00,279.19998
2912,2014-12-30 00:00:00,278.29
2913,2014-12-30 06:00:00,278.69
2914,2014-12-30 12:00:00,279.1
2915,2014-12-30 18:00:00,279.79
2916,2014-12-31 00:00:00,279.49
2917,2014-12-31 06:00:00,279.99
2918,2014-12-31 12:00:00,279.69
2919,2014-12-31 18:00:00,279.79
